country,year,sex,age,cases
AD,2000,m,014,0.0
AE,2000,m,014,2.0
AF,2000,m,014,52.0
AG,2000,m,014,0.0
AL,2000,m,014,2.0
AM,2000,m,014,2.0
AN,2000,m,014,0.0
AO,2000,m,014,186.0
AR,2000,m,014,97.0
AS,2000,m,014,
AT,2000,m,014,1.0
AU,2000,m,014,3.0
AZ,2000,m,014,0.0
BA,2000,m,014,4.0
BB,2000,m,014,0.0
BD,2000,m,014,256.0
BE,2000,m,014,3.0
BF,2000,m,014,12.0
BG,2000,m,014,0.0
BH,2000,m,014,0.0
BI,2000,m,014,
BJ,2000,m,014,19.0
BM,2000,m,014,
BN,2000,m,014,0.0
BO,2000,m,014,166.0
BR,2000,m,014,1894.0
BS,2000,m,014,1.0
BT,2000,m,014,6.0
BW,2000,m,014,25.0
BY,2000,m,014,
BZ,2000,m,014,2.0
CA,2000,m,014,5.0
CD,2000,m,014,485.0
CF,2000,m,014,
CG,2000,m,014,
CH,2000,m,014,0.0
CI,2000,m,014,
CK,2000,m,014,0.0
CL,2000,m,014,6.0
CM,2000,m,014,41.0
CN,2000,m,014,1131.0
CO,2000,m,014,246.0
CR,2000,m,014,14.0
CU,2000,m,014,0.0
CV,2000,m,014,
CY,2000,m,014,
CZ,2000,m,014,0.0
DE,2000,m,014,
DJ,2000,m,014,17.0
DK,2000,m,014,5.0
DO,2000,m,014,73.0
DZ,2000,m,014,59.0
EC,2000,m,014,
EE,2000,m,014,0.0
EG,2000,m,014,21.0
ER,2000,m,014,9.0
ES,2000,m,014,
ET,2000,m,014,915.0
FI,2000,m,014,0.0
FJ,2000,m,014,0.0
FM,2000,m,014,0.0
FR,2000,m,014,10.0
GB,2000,m,014,8.0
GD,2000,m,014,
GE,2000,m,014,4.0
GH,2000,m,014,73.0
GN,2000,m,014,39.0
GR,2000,m,014,1.0
GT,2000,m,014,36.0
GU,2000,m,014,2.0
GW,2000,m,014,2.0
GY,2000,m,014,4.0
HK,2000,m,014,4.0
HN,2000,m,014,30.0
HR,2000,m,014,
HT,2000,m,014,67.0
HU,2000,m,014,0.0
ID,2000,m,014,
IE,2000,m,014,0.0
IL,2000,m,014,0.0
IN,2000,m,014,1588.0
IQ,2000,m,014,21.0
IR,2000,m,014,29.0
IS,2000,m,014,
IT,2000,m,014,12.0
JM,2000,m,014,0.0
JO,2000,m,014,0.0
JP,2000,m,014,2.0
KE,2000,m,014,264.0
KG,2000,m,014,4.0
KH,2000,m,014,26.0
KI,2000,m,014,2.0
KM,2000,m,014,0.0
KN,2000,m,014,
KP,2000,m,014,293.0
KR,2000,m,014,19.0
KW,2000,m,014,0.0
KY,2000,m,014,0.0
KZ,2000,m,014,36.0
LA,2000,m,014,7.0
LB,2000,m,014,5.0
LC,2000,m,014,0.0
LK,2000,m,014,25.0
LR,2000,m,014,12.0
LS,2000,m,014,8.0
LT,2000,m,014,1.0
LU,2000,m,014,
LV,2000,m,014,0.0
LY,2000,m,014,5.0
MA,2000,m,014,99.0
MC,2000,m,014,
MD,2000,m,014,2.0
MG,2000,m,014,
MH,2000,m,014,3.0
MK,2000,m,014,5.0
ML,2000,m,014,23.0
MM,2000,m,014,88.0
MN,2000,m,014,6.0
MO,2000,m,014,0.0
MP,2000,m,014,1.0
MR,2000,m,014,
MS,2000,m,014,
MT,2000,m,014,0.0
MU,2000,m,014,2.0
MV,2000,m,014,0.0
MW,2000,m,014,50.0
MX,2000,m,014,214.0
MY,2000,m,014,32.0
MZ,2000,m,014,
,2000,m,014,18.0
NC,2000,m,014,1.0
NE,2000,m,014,29.0
NG,2000,m,014,157.0
NI,2000,m,014,18.0
NL,2000,m,014,0.0
NO,2000,m,014,0.0
NP,2000,m,014,170.0
NR,2000,m,014,
NU,2000,m,014,
NZ,2000,m,014,0.0
OM,2000,m,014,1.0
PA,2000,m,014,3.0
PE,2000,m,014,552.0
PF,2000,m,014,1.0
PG,2000,m,014,8.0
PH,2000,m,014,
PK,2000,m,014,55.0
PL,2000,m,014,1.0
PR,2000,m,014,0.0
PS,2000,m,014,
PT,2000,m,014,8.0
PY,2000,m,014,16.0
QA,2000,m,014,0.0
RO,2000,m,014,46.0
RU,2000,m,014,1.0
RW,2000,m,014,155.0
SA,2000,m,014,0.0
SB,2000,m,014,3.0
SC,2000,m,014,
SD,2000,m,014,785.0
SE,2000,m,014,0.0
SG,2000,m,014,1.0
SI,2000,m,014,0.0
SK,2000,m,014,2.0
SL,2000,m,014,18.0
SM,2000,m,014,
SN,2000,m,014,60.0
SO,2000,m,014,113.0
SR,2000,m,014,1.0
ST,2000,m,014,1.0
SV,2000,m,014,13.0
SY,2000,m,014,8.0
SZ,2000,m,014,11.0
TC,2000,m,014,
TG,2000,m,014,4.0
TH,2000,m,014,27.0
TJ,2000,m,014,
TK,2000,m,014,
TM,2000,m,014,16.0
TN,2000,m,014,16.0
TO,2000,m,014,
TR,2000,m,014,
TT,2000,m,014,0.0
TV,2000,m,014,
TZ,2000,m,014,200.0
UA,2000,m,014,21.0
UG,2000,m,014,283.0
US,2000,m,014,6.0
UY,2000,m,014,0.0
UZ,2000,m,014,6.0
VC,2000,m,014,0.0
VE,2000,m,014,
VG,2000,m,014,
VN,2000,m,014,51.0
VU,2000,m,014,2.0
WS,2000,m,014,0.0
YE,2000,m,014,110.0
YU,2000,m,014,
ZA,2000,m,014,116.0
ZM,2000,m,014,349.0
ZW,2000,m,014,
AD,2000,m,1524,0.0
AE,2000,m,1524,4.0
AF,2000,m,1524,228.0
AG,2000,m,1524,0.0
AL,2000,m,1524,19.0
AM,2000,m,1524,152.0
AN,2000,m,1524,0.0
AO,2000,m,1524,999.0
AR,2000,m,1524,278.0
AS,2000,m,1524,
AT,2000,m,1524,17.0
AU,2000,m,1524,16.0
AZ,2000,m,1524,9.0
BA,2000,m,1524,56.0
BB,2000,m,1524,0.0
BD,2000,m,1524,3640.0
BE,2000,m,1524,20.0
BF,2000,m,1524,91.0
BG,2000,m,1524,13.0
BH,2000,m,1524,0.0
BI,2000,m,1524,
BJ,2000,m,1524,277.0
BM,2000,m,1524,
BN,2000,m,1524,6.0
BO,2000,m,1524,1182.0
BR,2000,m,1524,7268.0
BS,2000,m,1524,2.0
BT,2000,m,1524,65.0
BW,2000,m,1524,185.0
BY,2000,m,1524,
BZ,2000,m,1524,5.0
CA,2000,m,1524,34.0
CD,2000,m,1524,4048.0
CF,2000,m,1524,
CG,2000,m,1524,
CH,2000,m,1524,5.0
CI,2000,m,1524,
CK,2000,m,1524,0.0
CL,2000,m,1524,81.0
CM,2000,m,1524,518.0
CN,2000,m,1524,19111.0
CO,2000,m,1524,763.0
CR,2000,m,1524,31.0
CU,2000,m,1524,71.0
CV,2000,m,1524,
CY,2000,m,1524,
CZ,2000,m,1524,7.0
DE,2000,m,1524,
DJ,2000,m,1524,302.0
DK,2000,m,1524,10.0
DO,2000,m,1524,410.0
DZ,2000,m,1524,927.0
EC,2000,m,1524,
EE,2000,m,1524,6.0
EG,2000,m,1524,641.0
ER,2000,m,1524,70.0
ES,2000,m,1524,
ET,2000,m,1524,5095.0
FI,2000,m,1524,3.0
FJ,2000,m,1524,8.0
FM,2000,m,1524,2.0
FR,2000,m,1524,136.0
GB,2000,m,1524,86.0
GD,2000,m,1524,
GE,2000,m,1524,76.0
GH,2000,m,1524,550.0
GN,2000,m,1524,551.0
GR,2000,m,1524,10.0
GT,2000,m,1524,220.0
GU,2000,m,1524,1.0
GW,2000,m,1524,52.0
GY,2000,m,1524,20.0
HK,2000,m,1524,78.0
HN,2000,m,1524,123.0
HR,2000,m,1524,
HT,2000,m,1524,836.0
HU,2000,m,1524,8.0
ID,2000,m,1524,
IE,2000,m,1524,10.0
IL,2000,m,1524,16.0
IN,2000,m,1524,20963.0
IQ,2000,m,1524,627.0
IR,2000,m,1524,438.0
IS,2000,m,1524,
IT,2000,m,1524,63.0
JM,2000,m,1524,6.0
JO,2000,m,1524,8.0
JP,2000,m,1524,246.0
KE,2000,m,1524,3739.0
KG,2000,m,1524,128.0
KH,2000,m,1524,519.0
KI,2000,m,1524,9.0
KM,2000,m,1524,18.0
KN,2000,m,1524,
KP,2000,m,1524,928.0
KR,2000,m,1524,821.0
KW,2000,m,1524,10.0
KY,2000,m,1524,0.0
KZ,2000,m,1524,1057.0
LA,2000,m,1524,92.0
LB,2000,m,1524,16.0
LC,2000,m,1524,0.0
LK,2000,m,1524,266.0
LR,2000,m,1524,133.0
LS,2000,m,1524,165.0
LT,2000,m,1524,38.0
LU,2000,m,1524,
LV,2000,m,1524,53.0
LY,2000,m,1524,101.0
MA,2000,m,1524,2061.0
MC,2000,m,1524,
MD,2000,m,1524,52.0
MG,2000,m,1524,
MH,2000,m,1524,5.0
MK,2000,m,1524,8.0
ML,2000,m,1524,206.0
MM,2000,m,1524,1459.0
MN,2000,m,1524,181.0
MO,2000,m,1524,10.0
MP,2000,m,1524,4.0
MR,2000,m,1524,
MS,2000,m,1524,
MT,2000,m,1524,1.0
MU,2000,m,1524,6.0
MV,2000,m,1524,9.0
MW,2000,m,1524,653.0
MX,2000,m,1524,1079.0
MY,2000,m,1524,694.0
MZ,2000,m,1524,
,2000,m,1524,269.0
NC,2000,m,1524,1.0
NE,2000,m,1524,270.0
NG,2000,m,1524,2173.0
NI,2000,m,1524,194.0
NL,2000,m,1524,34.0
NO,2000,m,1524,1.0
NP,2000,m,1524,1904.0
NR,2000,m,1524,
NU,2000,m,1524,
NZ,2000,m,1524,6.0
OM,2000,m,1524,8.0
PA,2000,m,1524,44.0
PE,2000,m,1524,5290.0
PF,2000,m,1524,3.0
PG,2000,m,1524,87.0
PH,2000,m,1524,
PK,2000,m,1524,498.0
PL,2000,m,1524,99.0
PR,2000,m,1524,1.0
PS,2000,m,1524,
PT,2000,m,1524,147.0
PY,2000,m,1524,112.0
QA,2000,m,1524,7.0
RO,2000,m,1524,832.0
RU,2000,m,1524,295.0
RW,2000,m,1524,466.0
SA,2000,m,1524,131.0
SB,2000,m,1524,13.0
SC,2000,m,1524,
SD,2000,m,1524,1028.0
SE,2000,m,1524,9.0
SG,2000,m,1524,8.0
SI,2000,m,1524,3.0
SK,2000,m,1524,6.0
SL,2000,m,1524,287.0
SM,2000,m,1524,
SN,2000,m,1524,772.0
SO,2000,m,1524,740.0
SR,2000,m,1524,6.0
ST,2000,m,1524,5.0
SV,2000,m,1524,99.0
SY,2000,m,1524,359.0
SZ,2000,m,1524,130.0
TC,2000,m,1524,
TG,2000,m,1524,101.0
TH,2000,m,1524,859.0
TJ,2000,m,1524,
TK,2000,m,1524,
TM,2000,m,1524,103.0
TN,2000,m,1524,139.0
TO,2000,m,1524,2.0
TR,2000,m,1524,
TT,2000,m,1524,7.0
TV,2000,m,1524,
TZ,2000,m,1524,2357.0
UA,2000,m,1524,693.0
UG,2000,m,1524,1511.0
US,2000,m,1524,365.0
UY,2000,m,1524,36.0
UZ,2000,m,1524,351.0
VC,2000,m,1524,1.0
VE,2000,m,1524,
VG,2000,m,1524,
VN,2000,m,1524,2367.0
VU,2000,m,1524,7.0
WS,2000,m,1524,3.0
YE,2000,m,1524,789.0
YU,2000,m,1524,
ZA,2000,m,1524,723.0
ZM,2000,m,1524,2175.0
ZW,2000,m,1524,
AD,2000,m,2534,1.0
AE,2000,m,2534,4.0
AF,2000,m,2534,183.0
AG,2000,m,2534,0.0
AL,2000,m,2534,21.0
AM,2000,m,2534,130.0
AN,2000,m,2534,1.0
AO,2000,m,2534,1003.0
AR,2000,m,2534,594.0
AS,2000,m,2534,
AT,2000,m,2534,30.0
AU,2000,m,2534,35.0
AZ,2000,m,2534,24.0
BA,2000,m,2534,82.0
BB,2000,m,2534,0.0
BD,2000,m,2534,5643.0
BE,2000,m,2534,57.0
BF,2000,m,2534,274.0
BG,2000,m,2534,16.0
BH,2000,m,2534,3.0
BI,2000,m,2534,
BJ,2000,m,2534,428.0
BM,2000,m,2534,
BN,2000,m,2534,4.0
BO,2000,m,2534,797.0
BR,2000,m,2534,11568.0
BS,2000,m,2534,7.0
BT,2000,m,2534,41.0
BW,2000,m,2534,605.0
BY,2000,m,2534,
BZ,2000,m,2534,7.0
CA,2000,m,2534,45.0
CD,2000,m,2534,5833.0
CF,2000,m,2534,
CG,2000,m,2534,
CH,2000,m,2534,18.0
CI,2000,m,2534,
CK,2000,m,2534,0.0
CL,2000,m,2534,160.0
CM,2000,m,2534,842.0
CN,2000,m,2534,29399.0
CO,2000,m,2534,1030.0
CR,2000,m,2534,53.0
CU,2000,m,2534,167.0
CV,2000,m,2534,
CY,2000,m,2534,
CZ,2000,m,2534,31.0
DE,2000,m,2534,
DJ,2000,m,2534,347.0
DK,2000,m,2534,20.0
DO,2000,m,2534,481.0
DZ,2000,m,2534,1516.0
EC,2000,m,2534,
EE,2000,m,2534,31.0
EG,2000,m,2534,827.0
ER,2000,m,2534,75.0
ES,2000,m,2534,
ET,2000,m,2534,5187.0
FI,2000,m,2534,8.0
FJ,2000,m,2534,6.0
FM,2000,m,2534,0.0
FR,2000,m,2534,248.0
GB,2000,m,2534,130.0
GD,2000,m,2534,
GE,2000,m,2534,111.0
GH,2000,m,2534,1266.0
GN,2000,m,2534,860.0
GR,2000,m,2534,22.0
GT,2000,m,2534,236.0
GU,2000,m,2534,6.0
GW,2000,m,2534,92.0
GY,2000,m,2534,19.0
HK,2000,m,2534,102.0
HN,2000,m,2534,371.0
HR,2000,m,2534,
HT,2000,m,2534,898.0
HU,2000,m,2534,24.0
ID,2000,m,2534,
IE,2000,m,2534,7.0
IL,2000,m,2534,28.0
IN,2000,m,2534,31090.0
IQ,2000,m,2534,317.0
IR,2000,m,2534,467.0
IS,2000,m,2534,
IT,2000,m,2534,96.0
JM,2000,m,2534,13.0
JO,2000,m,2534,16.0
JP,2000,m,2534,572.0
KE,2000,m,2534,6653.0
KG,2000,m,2534,227.0
KH,2000,m,2534,1323.0
KI,2000,m,2534,3.0
KM,2000,m,2534,7.0
KN,2000,m,2534,
KP,2000,m,2534,1508.0
KR,2000,m,2534,1085.0
KW,2000,m,2534,44.0
KY,2000,m,2534,3.0
KZ,2000,m,2534,1409.0
LA,2000,m,2534,128.0
LB,2000,m,2534,28.0
LC,2000,m,2534,0.0
LK,2000,m,2534,459.0
LR,2000,m,2534,196.0
LS,2000,m,2534,458.0
LT,2000,m,2534,97.0
LU,2000,m,2534,
LV,2000,m,2534,106.0
LY,2000,m,2534,239.0
MA,2000,m,2534,2423.0
MC,2000,m,2534,
MD,2000,m,2534,31.0
MG,2000,m,2534,
MH,2000,m,2534,4.0
MK,2000,m,2534,14.0
ML,2000,m,2534,430.0
MM,2000,m,2534,2636.0
MN,2000,m,2534,260.0
MO,2000,m,2534,8.0
MP,2000,m,2534,8.0
MR,2000,m,2534,
MS,2000,m,2534,
MT,2000,m,2534,0.0
MU,2000,m,2534,9.0
MV,2000,m,2534,10.0
MW,2000,m,2534,1476.0
MX,2000,m,2534,1387.0
MY,2000,m,2534,1138.0
MZ,2000,m,2534,
,2000,m,2534,874.0
NC,2000,m,2534,3.0
NE,2000,m,2534,174.0
NG,2000,m,2534,3164.0
NI,2000,m,2534,174.0
NL,2000,m,2534,63.0
NO,2000,m,2534,9.0
NP,2000,m,2534,1763.0
NR,2000,m,2534,
NU,2000,m,2534,
NZ,2000,m,2534,5.0
OM,2000,m,2534,9.0
PA,2000,m,2534,78.0
PE,2000,m,2534,2875.0
PF,2000,m,2534,3.0
PG,2000,m,2534,70.0
PH,2000,m,2534,
PK,2000,m,2534,387.0
PL,2000,m,2534,303.0
PR,2000,m,2534,4.0
PS,2000,m,2534,
PT,2000,m,2534,375.0
PY,2000,m,2534,103.0
QA,2000,m,2534,19.0
RO,2000,m,2534,1508.0
RU,2000,m,2534,526.0
RW,2000,m,2534,974.0
SA,2000,m,2534,268.0
SB,2000,m,2534,4.0
SC,2000,m,2534,2.0
SD,2000,m,2534,1511.0
SE,2000,m,2534,10.0
SG,2000,m,2534,9.0
SI,2000,m,2534,11.0
SK,2000,m,2534,15.0
SL,2000,m,2534,486.0
SM,2000,m,2534,
SN,2000,m,2534,1297.0
SO,2000,m,2534,724.0
SR,2000,m,2534,6.0
ST,2000,m,2534,11.0
SV,2000,m,2534,124.0
SY,2000,m,2534,289.0
SZ,2000,m,2534,352.0
TC,2000,m,2534,
TG,2000,m,2534,168.0
TH,2000,m,2534,2570.0
TJ,2000,m,2534,
TK,2000,m,2534,
TM,2000,m,2534,185.0
TN,2000,m,2534,208.0
TO,2000,m,2534,1.0
TR,2000,m,2534,
TT,2000,m,2534,18.0
TV,2000,m,2534,
TZ,2000,m,2534,4836.0
UA,2000,m,2534,1552.0
UG,2000,m,2534,3497.0
US,2000,m,2534,602.0
UY,2000,m,2534,48.0
UZ,2000,m,2534,749.0
VC,2000,m,2534,0.0
VE,2000,m,2534,
VG,2000,m,2534,
VN,2000,m,2534,6147.0
VU,2000,m,2534,5.0
WS,2000,m,2534,1.0
YE,2000,m,2534,689.0
YU,2000,m,2534,
ZA,2000,m,2534,1999.0
ZM,2000,m,2534,2610.0
ZW,2000,m,2534,
AD,2000,m,3544,0.0
AE,2000,m,3544,6.0
AF,2000,m,3544,149.0
AG,2000,m,3544,0.0
AL,2000,m,3544,14.0
AM,2000,m,3544,131.0
AN,2000,m,3544,2.0
AO,2000,m,3544,912.0
AR,2000,m,3544,402.0
AS,2000,m,3544,
AT,2000,m,3544,59.0
AU,2000,m,3544,25.0
AZ,2000,m,3544,33.0
BA,2000,m,3544,99.0
BB,2000,m,3544,2.0
BD,2000,m,3544,5750.0
BE,2000,m,3544,39.0
BF,2000,m,3544,252.0
BG,2000,m,3544,20.0
BH,2000,m,3544,2.0
BI,2000,m,3544,
BJ,2000,m,3544,327.0
BM,2000,m,3544,
BN,2000,m,3544,15.0
BO,2000,m,3544,518.0
BR,2000,m,3544,11906.0
BS,2000,m,3544,9.0
BT,2000,m,3544,30.0
BW,2000,m,3544,488.0
BY,2000,m,3544,
BZ,2000,m,3544,2.0
CA,2000,m,3544,46.0
CD,2000,m,3544,4151.0
CF,2000,m,3544,
CG,2000,m,3544,
CH,2000,m,3544,10.0
CI,2000,m,3544,
CK,2000,m,3544,0.0
CL,2000,m,3544,198.0
CM,2000,m,3544,584.0
CN,2000,m,3544,25206.0
CO,2000,m,3544,963.0
CR,2000,m,3544,62.0
CU,2000,m,3544,90.0
CV,2000,m,3544,
CY,2000,m,3544,
CZ,2000,m,3544,52.0
DE,2000,m,3544,
DJ,2000,m,3544,139.0
DK,2000,m,3544,24.0
DO,2000,m,3544,344.0
DZ,2000,m,3544,610.0
EC,2000,m,3544,
EE,2000,m,3544,53.0
EG,2000,m,3544,667.0
ER,2000,m,3544,57.0
ES,2000,m,3544,
ET,2000,m,3544,3082.0
FI,2000,m,3544,22.0
FJ,2000,m,3544,13.0
FM,2000,m,3544,1.0
FR,2000,m,3544,247.0
GB,2000,m,3544,96.0
GD,2000,m,3544,
GE,2000,m,3544,113.0
GH,2000,m,3544,1115.0
GN,2000,m,3544,570.0
GR,2000,m,3544,32.0
GT,2000,m,3544,216.0
GU,2000,m,3544,6.0
GW,2000,m,3544,80.0
GY,2000,m,3544,14.0
HK,2000,m,3544,160.0
HN,2000,m,3544,246.0
HR,2000,m,3544,
HT,2000,m,3544,613.0
HU,2000,m,3544,85.0
ID,2000,m,3544,
IE,2000,m,3544,7.0
IL,2000,m,3544,17.0
IN,2000,m,3544,30829.0
IQ,2000,m,3544,297.0
IR,2000,m,3544,387.0
IS,2000,m,3544,
IT,2000,m,3544,75.0
JM,2000,m,3544,13.0
JO,2000,m,3544,13.0
JP,2000,m,3544,676.0
KE,2000,m,3544,3548.0
KG,2000,m,3544,205.0
KH,2000,m,3544,1618.0
KI,2000,m,3544,3.0
KM,2000,m,3544,14.0
KN,2000,m,3544,
KP,2000,m,3544,2927.0
KR,2000,m,3544,988.0
KW,2000,m,3544,32.0
KY,2000,m,3544,1.0
KZ,2000,m,3544,1379.0
LA,2000,m,3544,166.0
LB,2000,m,3544,20.0
LC,2000,m,3544,1.0
LK,2000,m,3544,695.0
LR,2000,m,3544,127.0
LS,2000,m,3544,517.0
LT,2000,m,3544,145.0
LU,2000,m,3544,
LV,2000,m,3544,124.0
LY,2000,m,3544,86.0
MA,2000,m,3544,1705.0
MC,2000,m,3544,
MD,2000,m,3544,36.0
MG,2000,m,3544,
MH,2000,m,3544,1.0
MK,2000,m,3544,20.0
ML,2000,m,3544,396.0
MM,2000,m,3544,2781.0
MN,2000,m,3544,171.0
MO,2000,m,3544,25.0
MP,2000,m,3544,9.0
MR,2000,m,3544,
MS,2000,m,3544,
MT,2000,m,3544,1.0
MU,2000,m,3544,18.0
MV,2000,m,3544,2.0
MW,2000,m,3544,1113.0
MX,2000,m,3544,1162.0
MY,2000,m,3544,1177.0
MZ,2000,m,3544,
,2000,m,3544,665.0
NC,2000,m,3544,4.0
NE,2000,m,3544,441.0
NG,2000,m,3544,1836.0
NI,2000,m,3544,147.0
NL,2000,m,3544,41.0
NO,2000,m,3544,3.0
NP,2000,m,3544,1713.0
NR,2000,m,3544,
NU,2000,m,3544,
NZ,2000,m,3544,6.0
OM,2000,m,3544,11.0
PA,2000,m,3544,61.0
PE,2000,m,3544,1546.0
PF,2000,m,3544,4.0
PG,2000,m,3544,30.0
PH,2000,m,3544,
PK,2000,m,3544,256.0
PL,2000,m,3544,812.0
PR,2000,m,3544,19.0
PS,2000,m,3544,
PT,2000,m,3544,349.0
PY,2000,m,3544,105.0
QA,2000,m,3544,9.0
RO,2000,m,3544,1799.0
RU,2000,m,3544,596.0
RW,2000,m,3544,824.0
SA,2000,m,3544,213.0
SB,2000,m,3544,8.0
SC,2000,m,3544,4.0
SD,2000,m,3544,1351.0
SE,2000,m,3544,12.0
SG,2000,m,3544,34.0
SI,2000,m,3544,36.0
SK,2000,m,3544,31.0
SL,2000,m,3544,361.0
SM,2000,m,3544,
SN,2000,m,3544,857.0
SO,2000,m,3544,408.0
SR,2000,m,3544,3.0
ST,2000,m,3544,4.0
SV,2000,m,3544,114.0
SY,2000,m,3544,125.0
SZ,2000,m,3544,249.0
TC,2000,m,3544,
TG,2000,m,3544,144.0
TH,2000,m,3544,2380.0
TJ,2000,m,3544,
TK,2000,m,3544,
TM,2000,m,3544,144.0
TN,2000,m,3544,156.0
TO,2000,m,3544,1.0
TR,2000,m,3544,
TT,2000,m,3544,27.0
TV,2000,m,3544,
TZ,2000,m,3544,3430.0
UA,2000,m,3544,2385.0
UG,2000,m,3544,2479.0
US,2000,m,3544,906.0
UY,2000,m,3544,45.0
UZ,2000,m,3544,510.0
VC,2000,m,3544,4.0
VE,2000,m,3544,
VG,2000,m,3544,
VN,2000,m,3544,8209.0
VU,2000,m,3544,1.0
WS,2000,m,3544,1.0
YE,2000,m,3544,493.0
YU,2000,m,3544,
ZA,2000,m,3544,2135.0
ZM,2000,m,3544,3045.0
ZW,2000,m,3544,
AD,2000,m,4554,0.0
AE,2000,m,4554,5.0
AF,2000,m,4554,129.0
AG,2000,m,4554,0.0
AL,2000,m,4554,24.0
AM,2000,m,4554,63.0
AN,2000,m,4554,0.0
AO,2000,m,4554,482.0
AR,2000,m,4554,419.0
AS,2000,m,4554,1.0
AT,2000,m,4554,42.0
AU,2000,m,4554,24.0
AZ,2000,m,4554,42.0
BA,2000,m,4554,66.0
BB,2000,m,4554,0.0
BD,2000,m,4554,4718.0
BE,2000,m,4554,55.0
BF,2000,m,4554,133.0
BG,2000,m,4554,3.0
BH,2000,m,4554,5.0
BI,2000,m,4554,
BJ,2000,m,4554,213.0
BM,2000,m,4554,
BN,2000,m,4554,5.0
BO,2000,m,4554,466.0
BR,2000,m,4554,8623.0
BS,2000,m,4554,4.0
BT,2000,m,4554,24.0
BW,2000,m,4554,267.0
BY,2000,m,4554,
BZ,2000,m,4554,6.0
CA,2000,m,4554,41.0
CD,2000,m,4554,2549.0
CF,2000,m,4554,
CG,2000,m,4554,
CH,2000,m,4554,7.0
CI,2000,m,4554,
CK,2000,m,4554,0.0
CL,2000,m,4554,150.0
CM,2000,m,4554,284.0
CN,2000,m,4554,25593.0
CO,2000,m,4554,743.0
CR,2000,m,4554,39.0
CU,2000,m,4554,74.0
CV,2000,m,4554,
CY,2000,m,4554,
CZ,2000,m,4554,89.0
DE,2000,m,4554,
DJ,2000,m,4554,67.0
DK,2000,m,4554,16.0
DO,2000,m,4554,173.0
DZ,2000,m,4554,491.0
EC,2000,m,4554,
EE,2000,m,4554,56.0
EG,2000,m,4554,476.0
ER,2000,m,4554,32.0
ES,2000,m,4554,
ET,2000,m,4554,1495.0
FI,2000,m,4554,19.0
FJ,2000,m,4554,5.0
FM,2000,m,4554,0.0
FR,2000,m,4554,211.0
GB,2000,m,4554,87.0
GD,2000,m,4554,
GE,2000,m,4554,63.0
GH,2000,m,4554,811.0
GN,2000,m,4554,282.0
GR,2000,m,4554,24.0
GT,2000,m,4554,177.0
GU,2000,m,4554,9.0
GW,2000,m,4554,64.0
GY,2000,m,4554,7.0
HK,2000,m,4554,211.0
HN,2000,m,4554,277.0
HR,2000,m,4554,
HT,2000,m,4554,350.0
HU,2000,m,4554,104.0
ID,2000,m,4554,
IE,2000,m,4554,6.0
IL,2000,m,4554,24.0
IN,2000,m,4554,24230.0
IQ,2000,m,4554,205.0
IR,2000,m,4554,295.0
IS,2000,m,4554,
IT,2000,m,4554,58.0
JM,2000,m,4554,15.0
JO,2000,m,4554,9.0
JP,2000,m,4554,1494.0
KE,2000,m,4554,1630.0
KG,2000,m,4554,115.0
KH,2000,m,4554,1456.0
KI,2000,m,4554,3.0
KM,2000,m,4554,9.0
KN,2000,m,4554,
KP,2000,m,4554,2519.0
KR,2000,m,4554,853.0
KW,2000,m,4554,21.0
KY,2000,m,4554,0.0
KZ,2000,m,4554,923.0
LA,2000,m,4554,201.0
LB,2000,m,4554,15.0
LC,2000,m,4554,0.0
LK,2000,m,4554,793.0
LR,2000,m,4554,52.0
LS,2000,m,4554,395.0
LT,2000,m,4554,155.0
LU,2000,m,4554,
LV,2000,m,4554,111.0
LY,2000,m,4554,36.0
MA,2000,m,4554,855.0
MC,2000,m,4554,
MD,2000,m,4554,13.0
MG,2000,m,4554,
MH,2000,m,4554,3.0
MK,2000,m,4554,19.0
ML,2000,m,4554,297.0
MM,2000,m,4554,2161.0
MN,2000,m,4554,68.0
MO,2000,m,4554,22.0
MP,2000,m,4554,9.0
MR,2000,m,4554,
MS,2000,m,4554,
MT,2000,m,4554,1.0
MU,2000,m,4554,19.0
MV,2000,m,4554,5.0
MW,2000,m,4554,585.0
MX,2000,m,4554,1235.0
MY,2000,m,4554,908.0
MZ,2000,m,4554,
,2000,m,4554,300.0
NC,2000,m,4554,2.0
NE,2000,m,4554,252.0
NG,2000,m,4554,1091.0
NI,2000,m,4554,108.0
NL,2000,m,4554,25.0
NO,2000,m,4554,6.0
NP,2000,m,4554,1491.0
NR,2000,m,4554,1.0
NU,2000,m,4554,
NZ,2000,m,4554,8.0
OM,2000,m,4554,12.0
PA,2000,m,4554,37.0
PE,2000,m,4554,1041.0
PF,2000,m,4554,4.0
PG,2000,m,4554,21.0
PH,2000,m,4554,
PK,2000,m,4554,232.0
PL,2000,m,4554,782.0
PR,2000,m,4554,9.0
PS,2000,m,4554,
PT,2000,m,4554,208.0
PY,2000,m,4554,86.0
QA,2000,m,4554,7.0
RO,2000,m,4554,1684.0
RU,2000,m,4554,402.0
RW,2000,m,4554,393.0
SA,2000,m,4554,158.0
SB,2000,m,4554,8.0
SC,2000,m,4554,1.0
SD,2000,m,4554,1119.0
SE,2000,m,4554,11.0
SG,2000,m,4554,51.0
SI,2000,m,4554,22.0
SK,2000,m,4554,50.0
SL,2000,m,4554,190.0
SM,2000,m,4554,
SN,2000,m,4554,470.0
SO,2000,m,4554,254.0
SR,2000,m,4554,2.0
ST,2000,m,4554,7.0
SV,2000,m,4554,92.0
SY,2000,m,4554,86.0
SZ,2000,m,4554,138.0
TC,2000,m,4554,
TG,2000,m,4554,109.0
TH,2000,m,4554,2117.0
TJ,2000,m,4554,
TK,2000,m,4554,
TM,2000,m,4554,127.0
TN,2000,m,4554,109.0
TO,2000,m,4554,
TR,2000,m,4554,
TT,2000,m,4554,17.0
TV,2000,m,4554,
TZ,2000,m,4554,2022.0
UA,2000,m,4554,2007.0
UG,2000,m,4554,1279.0
US,2000,m,4554,904.0
UY,2000,m,4554,41.0
UZ,2000,m,4554,346.0
VC,2000,m,4554,2.0
VE,2000,m,4554,
VG,2000,m,4554,
VN,2000,m,4554,6713.0
VU,2000,m,4554,10.0
WS,2000,m,4554,1.0
YE,2000,m,4554,314.0
YU,2000,m,4554,
ZA,2000,m,4554,1146.0
ZM,2000,m,4554,435.0
ZW,2000,m,4554,
AD,2000,m,5564,0.0
AE,2000,m,5564,12.0
AF,2000,m,5564,94.0
AG,2000,m,5564,0.0
AL,2000,m,5564,19.0
AM,2000,m,5564,26.0
AN,2000,m,5564,0.0
AO,2000,m,5564,312.0
AR,2000,m,5564,368.0
AS,2000,m,5564,1.0
AT,2000,m,5564,23.0
AU,2000,m,5564,19.0
AZ,2000,m,5564,30.0
BA,2000,m,5564,58.0
BB,2000,m,5564,0.0
BD,2000,m,5564,3667.0
BE,2000,m,5564,32.0
BF,2000,m,5564,68.0
BG,2000,m,5564,9.0
BH,2000,m,5564,3.0
BI,2000,m,5564,
BJ,2000,m,5564,103.0
BM,2000,m,5564,
BN,2000,m,5564,7.0
BO,2000,m,5564,340.0
BR,2000,m,5564,5085.0
BS,2000,m,5564,3.0
BT,2000,m,5564,12.0
BW,2000,m,5564,135.0
BY,2000,m,5564,
BZ,2000,m,5564,3.0
CA,2000,m,5564,32.0
CD,2000,m,5564,1295.0
CF,2000,m,5564,
CG,2000,m,5564,
CH,2000,m,5564,5.0
CI,2000,m,5564,
CK,2000,m,5564,0.0
CL,2000,m,5564,132.0
CM,2000,m,5564,130.0
CN,2000,m,5564,21429.0
CO,2000,m,5564,610.0
CR,2000,m,5564,28.0
CU,2000,m,5564,55.0
CV,2000,m,5564,
CY,2000,m,5564,
CZ,2000,m,5564,61.0
DE,2000,m,5564,
DJ,2000,m,5564,60.0
DK,2000,m,5564,11.0
DO,2000,m,5564,125.0
DZ,2000,m,5564,234.0
EC,2000,m,5564,
EE,2000,m,5564,35.0
EG,2000,m,5564,307.0
ER,2000,m,5564,25.0
ES,2000,m,5564,
ET,2000,m,5564,610.0
FI,2000,m,5564,28.0
FJ,2000,m,5564,4.0
FM,2000,m,5564,0.0
FR,2000,m,5564,125.0
GB,2000,m,5564,75.0
GD,2000,m,5564,
GE,2000,m,5564,45.0
GH,2000,m,5564,495.0
GN,2000,m,5564,203.0
GR,2000,m,5564,19.0
GT,2000,m,5564,112.0
GU,2000,m,5564,6.0
GW,2000,m,5564,39.0
GY,2000,m,5564,6.0
HK,2000,m,5564,236.0
HN,2000,m,5564,214.0
HR,2000,m,5564,
HT,2000,m,5564,147.0
HU,2000,m,5564,58.0
ID,2000,m,5564,
IE,2000,m,5564,4.0
IL,2000,m,5564,10.0
IN,2000,m,5564,15308.0
IQ,2000,m,5564,135.0
IR,2000,m,5564,344.0
IS,2000,m,5564,
IT,2000,m,5564,54.0
JM,2000,m,5564,6.0
JO,2000,m,5564,14.0
JP,2000,m,5564,1509.0
KE,2000,m,5564,630.0
KG,2000,m,5564,52.0
KH,2000,m,5564,1373.0
KI,2000,m,5564,8.0
KM,2000,m,5564,3.0
KN,2000,m,5564,
KP,2000,m,5564,1167.0
KR,2000,m,5564,731.0
KW,2000,m,5564,11.0
KY,2000,m,5564,1.0
KZ,2000,m,5564,439.0
LA,2000,m,5564,177.0
LB,2000,m,5564,17.0
LC,2000,m,5564,1.0
LK,2000,m,5564,484.0
LR,2000,m,5564,17.0
LS,2000,m,5564,198.0
LT,2000,m,5564,74.0
LU,2000,m,5564,
LV,2000,m,5564,64.0
LY,2000,m,5564,29.0
MA,2000,m,5564,485.0
MC,2000,m,5564,
MD,2000,m,5564,13.0
MG,2000,m,5564,
MH,2000,m,5564,5.0
MK,2000,m,5564,20.0
ML,2000,m,5564,235.0
MM,2000,m,5564,1235.0
MN,2000,m,5564,38.0
MO,2000,m,5564,9.0
MP,2000,m,5564,3.0
MR,2000,m,5564,
MS,2000,m,5564,
MT,2000,m,5564,0.0
MU,2000,m,5564,14.0
MV,2000,m,5564,5.0
MW,2000,m,5564,245.0
MX,2000,m,5564,972.0
MY,2000,m,5564,814.0
MZ,2000,m,5564,
,2000,m,5564,147.0
NC,2000,m,5564,3.0
NE,2000,m,5564,151.0
NG,2000,m,5564,566.0
NI,2000,m,5564,64.0
NL,2000,m,5564,10.0
NO,2000,m,5564,2.0
NP,2000,m,5564,1294.0
NR,2000,m,5564,
NU,2000,m,5564,
NZ,2000,m,5564,10.0
OM,2000,m,5564,9.0
PA,2000,m,5564,27.0
PE,2000,m,5564,801.0
PF,2000,m,5564,4.0
PG,2000,m,5564,12.0
PH,2000,m,5564,
PK,2000,m,5564,153.0
PL,2000,m,5564,361.0
PR,2000,m,5564,10.0
PS,2000,m,5564,
PT,2000,m,5564,140.0
PY,2000,m,5564,80.0
QA,2000,m,5564,2.0
RO,2000,m,5564,916.0
RU,2000,m,5564,151.0
RW,2000,m,5564,129.0
SA,2000,m,5564,86.0
SB,2000,m,5564,10.0
SC,2000,m,5564,1.0
SD,2000,m,5564,638.0
SE,2000,m,5564,4.0
SG,2000,m,5564,26.0
SI,2000,m,5564,14.0
SK,2000,m,5564,16.0
SL,2000,m,5564,113.0
SM,2000,m,5564,
SN,2000,m,5564,279.0
SO,2000,m,5564,195.0
SR,2000,m,5564,0.0
ST,2000,m,5564,3.0
SV,2000,m,5564,62.0
SY,2000,m,5564,76.0
SZ,2000,m,5564,37.0
TC,2000,m,5564,
TG,2000,m,5564,48.0
TH,2000,m,5564,1908.0
TJ,2000,m,5564,
TK,2000,m,5564,
TM,2000,m,5564,31.0
TN,2000,m,5564,65.0
TO,2000,m,5564,1.0
TR,2000,m,5564,
TT,2000,m,5564,7.0
TV,2000,m,5564,
TZ,2000,m,5564,1202.0
UA,2000,m,5564,1062.0
UG,2000,m,5564,607.0
US,2000,m,5564,577.0
UY,2000,m,5564,30.0
UZ,2000,m,5564,213.0
VC,2000,m,5564,0.0
VE,2000,m,5564,
VG,2000,m,5564,1.0
VN,2000,m,5564,5150.0
VU,2000,m,5564,5.0
WS,2000,m,5564,2.0
YE,2000,m,5564,255.0
YU,2000,m,5564,
ZA,2000,m,5564,435.0
ZM,2000,m,5564,261.0
ZW,2000,m,5564,
AD,2000,m,65,0.0
AE,2000,m,65,10.0
AF,2000,m,65,80.0
AG,2000,m,65,1.0
AL,2000,m,65,16.0
AM,2000,m,65,21.0
AN,2000,m,65,0.0
AO,2000,m,65,194.0
AR,2000,m,65,330.0
AS,2000,m,65,
AT,2000,m,65,41.0
AU,2000,m,65,49.0
AZ,2000,m,65,0.0
BA,2000,m,65,77.0
BB,2000,m,65,0.0
BD,2000,m,65,2837.0
BE,2000,m,65,56.0
BF,2000,m,65,65.0
BG,2000,m,65,10.0
BH,2000,m,65,4.0
BI,2000,m,65,
BJ,2000,m,65,74.0
BM,2000,m,65,
BN,2000,m,65,15.0
BO,2000,m,65,366.0
BR,2000,m,65,4494.0
BS,2000,m,65,2.0
BT,2000,m,65,2.0
BW,2000,m,65,96.0
BY,2000,m,65,
BZ,2000,m,65,5.0
CA,2000,m,65,79.0
CD,2000,m,65,602.0
CF,2000,m,65,
CG,2000,m,65,
CH,2000,m,65,8.0
CI,2000,m,65,
CK,2000,m,65,0.0
CL,2000,m,65,126.0
CM,2000,m,65,75.0
CN,2000,m,65,21771.0
CO,2000,m,65,746.0
CR,2000,m,65,49.0
CU,2000,m,65,75.0
CV,2000,m,65,
CY,2000,m,65,
CZ,2000,m,65,59.0
DE,2000,m,65,
DJ,2000,m,65,42.0
DK,2000,m,65,14.0
DO,2000,m,65,113.0
DZ,2000,m,65,299.0
EC,2000,m,65,
EE,2000,m,65,15.0
EG,2000,m,65,158.0
ER,2000,m,65,20.0
ES,2000,m,65,
ET,2000,m,65,397.0
FI,2000,m,65,53.0
FJ,2000,m,65,2.0
FM,2000,m,65,1.0
FR,2000,m,65,244.0
GB,2000,m,65,138.0
GD,2000,m,65,
GE,2000,m,65,28.0
GH,2000,m,65,426.0
GN,2000,m,65,103.0
GR,2000,m,65,46.0
GT,2000,m,65,140.0
GU,2000,m,65,9.0
GW,2000,m,65,19.0
GY,2000,m,65,9.0
HK,2000,m,65,578.0
HN,2000,m,65,43.0
HR,2000,m,65,
HT,2000,m,65,118.0
HU,2000,m,65,27.0
ID,2000,m,65,
IE,2000,m,65,12.0
IL,2000,m,65,31.0
IN,2000,m,65,8534.0
IQ,2000,m,65,101.0
IR,2000,m,65,642.0
IS,2000,m,65,
IT,2000,m,65,112.0
JM,2000,m,65,5.0
JO,2000,m,65,2.0
JP,2000,m,65,3816.0
KE,2000,m,65,414.0
KG,2000,m,65,46.0
KH,2000,m,65,1058.0
KI,2000,m,65,2.0
KM,2000,m,65,4.0
KN,2000,m,65,
KP,2000,m,65,651.0
KR,2000,m,65,901.0
KW,2000,m,65,5.0
KY,2000,m,65,0.0
KZ,2000,m,65,218.0
LA,2000,m,65,176.0
LB,2000,m,65,14.0
LC,2000,m,65,2.0
LK,2000,m,65,360.0
LR,2000,m,65,26.0
LS,2000,m,65,76.0
LT,2000,m,65,68.0
LU,2000,m,65,
LV,2000,m,65,34.0
LY,2000,m,65,32.0
MA,2000,m,65,595.0
MC,2000,m,65,
MD,2000,m,65,6.0
MG,2000,m,65,
MH,2000,m,65,3.0
MK,2000,m,65,14.0
ML,2000,m,65,144.0
MM,2000,m,65,836.0
MN,2000,m,65,23.0
MO,2000,m,65,17.0
MP,2000,m,65,2.0
MR,2000,m,65,
MS,2000,m,65,
MT,2000,m,65,1.0
MU,2000,m,65,8.0
MV,2000,m,65,3.0
MW,2000,m,65,114.0
MX,2000,m,65,1126.0
MY,2000,m,65,891.0
MZ,2000,m,65,
,2000,m,65,81.0
NC,2000,m,65,4.0
NE,2000,m,65,78.0
NG,2000,m,65,463.0
NI,2000,m,65,90.0
NL,2000,m,65,21.0
NO,2000,m,65,4.0
NP,2000,m,65,772.0
NR,2000,m,65,
NU,2000,m,65,
NZ,2000,m,65,7.0
OM,2000,m,65,11.0
PA,2000,m,65,26.0
PE,2000,m,65,796.0
PF,2000,m,65,3.0
PG,2000,m,65,5.0
PH,2000,m,65,
PK,2000,m,65,130.0
PL,2000,m,65,434.0
PR,2000,m,65,14.0
PS,2000,m,65,
PT,2000,m,65,140.0
PY,2000,m,65,71.0
QA,2000,m,65,1.0
RO,2000,m,65,533.0
RU,2000,m,65,54.0
RW,2000,m,65,56.0
SA,2000,m,65,107.0
SB,2000,m,65,6.0
SC,2000,m,65,
SD,2000,m,65,677.0
SE,2000,m,65,25.0
SG,2000,m,65,64.0
SI,2000,m,65,17.0
SK,2000,m,65,32.0
SL,2000,m,65,47.0
SM,2000,m,65,1.0
SN,2000,m,65,189.0
SO,2000,m,65,142.0
SR,2000,m,65,4.0
ST,2000,m,65,10.0
SV,2000,m,65,107.0
SY,2000,m,65,55.0
SZ,2000,m,65,17.0
TC,2000,m,65,
TG,2000,m,65,39.0
TH,2000,m,65,2213.0
TJ,2000,m,65,
TK,2000,m,65,
TM,2000,m,65,21.0
TN,2000,m,65,101.0
TO,2000,m,65,5.0
TR,2000,m,65,
TT,2000,m,65,7.0
TV,2000,m,65,
TZ,2000,m,65,834.0
UA,2000,m,65,532.0
UG,2000,m,65,395.0
US,2000,m,65,738.0
UY,2000,m,65,34.0
UZ,2000,m,65,107.0
VC,2000,m,65,1.0
VE,2000,m,65,
VG,2000,m,65,
VN,2000,m,65,7712.0
VU,2000,m,65,2.0
WS,2000,m,65,1.0
YE,2000,m,65,127.0
YU,2000,m,65,
ZA,2000,m,65,212.0
ZM,2000,m,65,174.0
ZW,2000,m,65,
AD,2000,m,u,
AE,2000,m,u,
AF,2000,m,u,
AG,2000,m,u,
AL,2000,m,u,
AM,2000,m,u,
AN,2000,m,u,
AO,2000,m,u,
AR,2000,m,u,
AS,2000,m,u,
AT,2000,m,u,
AU,2000,m,u,
AZ,2000,m,u,
BA,2000,m,u,
BB,2000,m,u,
BD,2000,m,u,
BE,2000,m,u,
BF,2000,m,u,
BG,2000,m,u,
BH,2000,m,u,
BI,2000,m,u,
BJ,2000,m,u,
BM,2000,m,u,
BN,2000,m,u,
BO,2000,m,u,
BR,2000,m,u,
BS,2000,m,u,
BT,2000,m,u,
BW,2000,m,u,
BY,2000,m,u,
BZ,2000,m,u,
CA,2000,m,u,
CD,2000,m,u,
CF,2000,m,u,
CG,2000,m,u,
CH,2000,m,u,
CI,2000,m,u,
CK,2000,m,u,
CL,2000,m,u,
CM,2000,m,u,
CN,2000,m,u,
CO,2000,m,u,
CR,2000,m,u,
CU,2000,m,u,
CV,2000,m,u,
CY,2000,m,u,
CZ,2000,m,u,
DE,2000,m,u,
DJ,2000,m,u,
DK,2000,m,u,
DO,2000,m,u,
DZ,2000,m,u,
EC,2000,m,u,
EE,2000,m,u,
EG,2000,m,u,
ER,2000,m,u,
ES,2000,m,u,
ET,2000,m,u,
FI,2000,m,u,
FJ,2000,m,u,
FM,2000,m,u,
FR,2000,m,u,
GB,2000,m,u,
GD,2000,m,u,
GE,2000,m,u,
GH,2000,m,u,
GN,2000,m,u,
GR,2000,m,u,
GT,2000,m,u,
GU,2000,m,u,
GW,2000,m,u,
GY,2000,m,u,
HK,2000,m,u,
HN,2000,m,u,
HR,2000,m,u,
HT,2000,m,u,
HU,2000,m,u,
ID,2000,m,u,
IE,2000,m,u,
IL,2000,m,u,
IN,2000,m,u,
IQ,2000,m,u,
IR,2000,m,u,
IS,2000,m,u,
IT,2000,m,u,
JM,2000,m,u,
JO,2000,m,u,
JP,2000,m,u,
KE,2000,m,u,
KG,2000,m,u,
KH,2000,m,u,
KI,2000,m,u,
KM,2000,m,u,
KN,2000,m,u,
KP,2000,m,u,
KR,2000,m,u,
KW,2000,m,u,
KY,2000,m,u,
KZ,2000,m,u,
LA,2000,m,u,
LB,2000,m,u,
LC,2000,m,u,
LK,2000,m,u,
LR,2000,m,u,
LS,2000,m,u,
LT,2000,m,u,
LU,2000,m,u,
LV,2000,m,u,
LY,2000,m,u,
MA,2000,m,u,
MC,2000,m,u,
MD,2000,m,u,
MG,2000,m,u,
MH,2000,m,u,
MK,2000,m,u,
ML,2000,m,u,
MM,2000,m,u,
MN,2000,m,u,
MO,2000,m,u,
MP,2000,m,u,
MR,2000,m,u,
MS,2000,m,u,
MT,2000,m,u,
MU,2000,m,u,
MV,2000,m,u,
MW,2000,m,u,
MX,2000,m,u,
MY,2000,m,u,
MZ,2000,m,u,
,2000,m,u,
NC,2000,m,u,
NE,2000,m,u,
NG,2000,m,u,
NI,2000,m,u,
NL,2000,m,u,
NO,2000,m,u,
NP,2000,m,u,
NR,2000,m,u,
NU,2000,m,u,
NZ,2000,m,u,
OM,2000,m,u,
PA,2000,m,u,
PE,2000,m,u,
PF,2000,m,u,
PG,2000,m,u,
PH,2000,m,u,
PK,2000,m,u,
PL,2000,m,u,
PR,2000,m,u,
PS,2000,m,u,
PT,2000,m,u,
PY,2000,m,u,
QA,2000,m,u,
RO,2000,m,u,
RU,2000,m,u,
RW,2000,m,u,
SA,2000,m,u,
SB,2000,m,u,
SC,2000,m,u,
SD,2000,m,u,
SE,2000,m,u,
SG,2000,m,u,
SI,2000,m,u,
SK,2000,m,u,
SL,2000,m,u,
SM,2000,m,u,
SN,2000,m,u,
SO,2000,m,u,
SR,2000,m,u,
ST,2000,m,u,
SV,2000,m,u,
SY,2000,m,u,
SZ,2000,m,u,
TC,2000,m,u,
TG,2000,m,u,
TH,2000,m,u,
TJ,2000,m,u,
TK,2000,m,u,
TM,2000,m,u,
TN,2000,m,u,
TO,2000,m,u,
TR,2000,m,u,
TT,2000,m,u,
TV,2000,m,u,
TZ,2000,m,u,
UA,2000,m,u,
UG,2000,m,u,
US,2000,m,u,
UY,2000,m,u,
UZ,2000,m,u,
VC,2000,m,u,
VE,2000,m,u,
VG,2000,m,u,
VN,2000,m,u,
VU,2000,m,u,
WS,2000,m,u,
YE,2000,m,u,
YU,2000,m,u,
ZA,2000,m,u,
ZM,2000,m,u,
ZW,2000,m,u,
AD,2000,f,014,
AE,2000,f,014,3.0
AF,2000,f,014,93.0
AG,2000,f,014,1.0
AL,2000,f,014,3.0
AM,2000,f,014,1.0
AN,2000,f,014,0.0
AO,2000,f,014,247.0
AR,2000,f,014,121.0
AS,2000,f,014,
AT,2000,f,014,1.0
AU,2000,f,014,0.0
AZ,2000,f,014,0.0
BA,2000,f,014,4.0
BB,2000,f,014,0.0
BD,2000,f,014,495.0
BE,2000,f,014,6.0
BF,2000,f,014,7.0
BG,2000,f,014,0.0
BH,2000,f,014,0.0
BI,2000,f,014,
BJ,2000,f,014,36.0
BM,2000,f,014,
BN,2000,f,014,0.0
BO,2000,f,014,191.0
BR,2000,f,014,1859.0
BS,2000,f,014,2.0
BT,2000,f,014,7.0
BW,2000,f,014,37.0
BY,2000,f,014,
BZ,2000,f,014,0.0
CA,2000,f,014,4.0
CD,2000,f,014,718.0
CF,2000,f,014,
CG,2000,f,014,
CH,2000,f,014,1.0
CI,2000,f,014,
CK,2000,f,014,0.0
CL,2000,f,014,10.0
CM,2000,f,014,63.0
CN,2000,f,014,1420.0
CO,2000,f,014,194.0
CR,2000,f,014,13.0
CU,2000,f,014,2.0
CV,2000,f,014,
CY,2000,f,014,
CZ,2000,f,014,0.0
DE,2000,f,014,
DJ,2000,f,014,12.0
DK,2000,f,014,5.0
DO,2000,f,014,65.0
DZ,2000,f,014,36.0
EC,2000,f,014,
EE,2000,f,014,0.0
EG,2000,f,014,55.0
ER,2000,f,014,10.0
ES,2000,f,014,
ET,2000,f,014,1037.0
FI,2000,f,014,0.0
FJ,2000,f,014,0.0
FM,2000,f,014,4.0
FR,2000,f,014,18.0
GB,2000,f,014,9.0
GD,2000,f,014,
GE,2000,f,014,1.0
GH,2000,f,014,74.0
GN,2000,f,014,66.0
GR,2000,f,014,0.0
GT,2000,f,014,41.0
GU,2000,f,014,0.0
GW,2000,f,014,4.0
GY,2000,f,014,1.0
HK,2000,f,014,5.0
HN,2000,f,014,25.0
HR,2000,f,014,
HT,2000,f,014,96.0
HU,2000,f,014,1.0
ID,2000,f,014,
IE,2000,f,014,0.0
IL,2000,f,014,2.0
IN,2000,f,014,2250.0
IQ,2000,f,014,37.0
IR,2000,f,014,77.0
IS,2000,f,014,0.0
IT,2000,f,014,6.0
JM,2000,f,014,1.0
JO,2000,f,014,0.0
JP,2000,f,014,5.0
KE,2000,f,014,416.0
KG,2000,f,014,6.0
KH,2000,f,014,38.0
KI,2000,f,014,2.0
KM,2000,f,014,1.0
KN,2000,f,014,
KP,2000,f,014,167.0
KR,2000,f,014,25.0
KW,2000,f,014,1.0
KY,2000,f,014,
KZ,2000,f,014,84.0
LA,2000,f,014,10.0
LB,2000,f,014,4.0
LC,2000,f,014,0.0
LK,2000,f,014,23.0
LR,2000,f,014,21.0
LS,2000,f,014,11.0
LT,2000,f,014,0.0
LU,2000,f,014,
LV,2000,f,014,2.0
LY,2000,f,014,6.0
MA,2000,f,014,170.0
MC,2000,f,014,
MD,2000,f,014,1.0
MG,2000,f,014,
MH,2000,f,014,7.0
MK,2000,f,014,1.0
ML,2000,f,014,14.0
MM,2000,f,014,72.0
MN,2000,f,014,32.0
MO,2000,f,014,0.0
MP,2000,f,014,0.0
MR,2000,f,014,
MS,2000,f,014,
MT,2000,f,014,
MU,2000,f,014,1.0
MV,2000,f,014,0.0
MW,2000,f,014,66.0
MX,2000,f,014,176.0
MY,2000,f,014,41.0
MZ,2000,f,014,
,2000,f,014,16.0
NC,2000,f,014,1.0
NE,2000,f,014,31.0
NG,2000,f,014,239.0
NI,2000,f,014,34.0
NL,2000,f,014,4.0
NO,2000,f,014,1.0
NP,2000,f,014,176.0
NR,2000,f,014,
NU,2000,f,014,
NZ,2000,f,014,1.0
OM,2000,f,014,2.0
PA,2000,f,014,6.0
PE,2000,f,014,633.0
PF,2000,f,014,1.0
PG,2000,f,014,6.0
PH,2000,f,014,
PK,2000,f,014,130.0
PL,2000,f,014,1.0
PR,2000,f,014,1.0
PS,2000,f,014,
PT,2000,f,014,5.0
PY,2000,f,014,12.0
QA,2000,f,014,0.0
RO,2000,f,014,53.0
RU,2000,f,014,1.0
RW,2000,f,014,105.0
SA,2000,f,014,28.0
SB,2000,f,014,8.0
SC,2000,f,014,
SD,2000,f,014,817.0
SE,2000,f,014,1.0
SG,2000,f,014,1.0
SI,2000,f,014,0.0
SK,2000,f,014,0.0
SL,2000,f,014,27.0
SM,2000,f,014,
SN,2000,f,014,77.0
SO,2000,f,014,85.0
SR,2000,f,014,2.0
ST,2000,f,014,3.0
SV,2000,f,014,28.0
SY,2000,f,014,23.0
SZ,2000,f,014,10.0
TC,2000,f,014,
TG,2000,f,014,13.0
TH,2000,f,014,32.0
TJ,2000,f,014,
TK,2000,f,014,
TM,2000,f,014,19.0
TN,2000,f,014,7.0
TO,2000,f,014,
TR,2000,f,014,
TT,2000,f,014,0.0
TV,2000,f,014,
TZ,2000,f,014,257.0
UA,2000,f,014,41.0
UG,2000,f,014,400.0
US,2000,f,014,14.0
UY,2000,f,014,2.0
UZ,2000,f,014,11.0
VC,2000,f,014,1.0
VE,2000,f,014,
VG,2000,f,014,
VN,2000,f,014,64.0
VU,2000,f,014,5.0
WS,2000,f,014,0.0
YE,2000,f,014,161.0
YU,2000,f,014,
ZA,2000,f,014,122.0
ZM,2000,f,014,150.0
ZW,2000,f,014,
AD,2000,f,1524,
AE,2000,f,1524,16.0
AF,2000,f,1524,414.0
AG,2000,f,1524,1.0
AL,2000,f,1524,11.0
AM,2000,f,1524,24.0
AN,2000,f,1524,0.0
AO,2000,f,1524,1142.0
AR,2000,f,1524,544.0
AS,2000,f,1524,
AT,2000,f,1524,11.0
AU,2000,f,1524,15.0
AZ,2000,f,1524,3.0
BA,2000,f,1524,30.0
BB,2000,f,1524,0.0
BD,2000,f,1524,3029.0
BE,2000,f,1524,15.0
BF,2000,f,1524,59.0
BG,2000,f,1524,11.0
BH,2000,f,1524,1.0
BI,2000,f,1524,
BJ,2000,f,1524,239.0
BM,2000,f,1524,
BN,2000,f,1524,4.0
BO,2000,f,1524,831.0
BR,2000,f,1524,6719.0
BS,2000,f,1524,5.0
BT,2000,f,1524,57.0
BW,2000,f,1524,335.0
BY,2000,f,1524,
BZ,2000,f,1524,2.0
CA,2000,f,1524,33.0
CD,2000,f,1524,4422.0
CF,2000,f,1524,
CG,2000,f,1524,
CH,2000,f,1524,9.0
CI,2000,f,1524,
CK,2000,f,1524,0.0
CL,2000,f,1524,66.0
CM,2000,f,1524,368.0
CN,2000,f,1524,14536.0
CO,2000,f,1524,587.0
CR,2000,f,1524,21.0
CU,2000,f,1524,9.0
CV,2000,f,1524,
CY,2000,f,1524,
CZ,2000,f,1524,15.0
DE,2000,f,1524,
DJ,2000,f,1524,147.0
DK,2000,f,1524,16.0
DO,2000,f,1524,317.0
DZ,2000,f,1524,1005.0
EC,2000,f,1524,
EE,2000,f,1524,9.0
EG,2000,f,1524,457.0
ER,2000,f,1524,100.0
ES,2000,f,1524,
ET,2000,f,1524,4699.0
FI,2000,f,1524,1.0
FJ,2000,f,1524,7.0
FM,2000,f,1524,3.0
FR,2000,f,1524,108.0
GB,2000,f,1524,95.0
GD,2000,f,1524,
GE,2000,f,1524,49.0
GH,2000,f,1524,456.0
GN,2000,f,1524,314.0
GR,2000,f,1524,2.0
GT,2000,f,1524,199.0
GU,2000,f,1524,3.0
GW,2000,f,1524,30.0
GY,2000,f,1524,11.0
HK,2000,f,1524,65.0
HN,2000,f,1524,21.0
HR,2000,f,1524,
HT,2000,f,1524,914.0
HU,2000,f,1524,7.0
ID,2000,f,1524,
IE,2000,f,1524,13.0
IL,2000,f,1524,11.0
IN,2000,f,1524,14495.0
IQ,2000,f,1524,338.0
IR,2000,f,1524,593.0
IS,2000,f,1524,
IT,2000,f,1524,38.0
JM,2000,f,1524,8.0
JO,2000,f,1524,8.0
JP,2000,f,1524,222.0
KE,2000,f,1524,3916.0
KG,2000,f,1524,128.0
KH,2000,f,1524,457.0
KI,2000,f,1524,5.0
KM,2000,f,1524,9.0
KN,2000,f,1524,
KP,2000,f,1524,683.0
KR,2000,f,1524,546.0
KW,2000,f,1524,11.0
KY,2000,f,1524,
KZ,2000,f,1524,999.0
LA,2000,f,1524,59.0
LB,2000,f,1524,31.0
LC,2000,f,1524,1.0
LK,2000,f,1524,312.0
LR,2000,f,1524,140.0
LS,2000,f,1524,222.0
LT,2000,f,1524,20.0
LU,2000,f,1524,
LV,2000,f,1524,25.0
LY,2000,f,1524,43.0
MA,2000,f,1524,1530.0
MC,2000,f,1524,
MD,2000,f,1524,16.0
MG,2000,f,1524,
MH,2000,f,1524,7.0
MK,2000,f,1524,15.0
ML,2000,f,1524,174.0
MM,2000,f,1524,1040.0
MN,2000,f,1524,200.0
MO,2000,f,1524,10.0
MP,2000,f,1524,10.0
MR,2000,f,1524,
MS,2000,f,1524,
MT,2000,f,1524,
MU,2000,f,1524,5.0
MV,2000,f,1524,11.0
MW,2000,f,1524,1038.0
MX,2000,f,1524,663.0
MY,2000,f,1524,464.0
MZ,2000,f,1524,
,2000,f,1524,352.0
NC,2000,f,1524,8.0
NE,2000,f,1524,123.0
NG,2000,f,1524,2934.0
NI,2000,f,1524,188.0
NL,2000,f,1524,29.0
NO,2000,f,1524,3.0
NP,2000,f,1524,1267.0
NR,2000,f,1524,
NU,2000,f,1524,
NZ,2000,f,1524,6.0
OM,2000,f,1524,17.0
PA,2000,f,1524,43.0
PE,2000,f,1524,3686.0
PF,2000,f,1524,4.0
PG,2000,f,1524,77.0
PH,2000,f,1524,
PK,2000,f,1524,591.0
PL,2000,f,1524,99.0
PR,2000,f,1524,4.0
PS,2000,f,1524,
PT,2000,f,1524,114.0
PY,2000,f,1524,69.0
QA,2000,f,1524,0.0
RO,2000,f,1524,701.0
RU,2000,f,1524,43.0
RW,2000,f,1524,396.0
SA,2000,f,1524,172.0
SB,2000,f,1524,15.0
SC,2000,f,1524,
SD,2000,f,1524,925.0
SE,2000,f,1524,9.0
SG,2000,f,1524,9.0
SI,2000,f,1524,3.0
SK,2000,f,1524,5.0
SL,2000,f,1524,249.0
SM,2000,f,1524,
SN,2000,f,1524,521.0
SO,2000,f,1524,354.0
SR,2000,f,1524,3.0
ST,2000,f,1524,7.0
SV,2000,f,1524,81.0
SY,2000,f,1524,195.0
SZ,2000,f,1524,198.0
TC,2000,f,1524,
TG,2000,f,1524,107.0
TH,2000,f,1524,624.0
TJ,2000,f,1524,
TK,2000,f,1524,
TM,2000,f,1524,73.0
TN,2000,f,1524,68.0
TO,2000,f,1524,1.0
TR,2000,f,1524,
TT,2000,f,1524,5.0
TV,2000,f,1524,
TZ,2000,f,1524,2106.0
UA,2000,f,1524,487.0
UG,2000,f,1524,1649.0
US,2000,f,1524,246.0
UY,2000,f,1524,28.0
UZ,2000,f,1524,261.0
VC,2000,f,1524,0.0
VE,2000,f,1524,
VG,2000,f,1524,
VN,2000,f,1524,1334.0
VU,2000,f,1524,3.0
WS,2000,f,1524,2.0
YE,2000,f,1524,799.0
YU,2000,f,1524,
ZA,2000,f,1524,1283.0
ZM,2000,f,1524,932.0
ZW,2000,f,1524,
AD,2000,f,2534,
AE,2000,f,2534,1.0
AF,2000,f,2534,565.0
AG,2000,f,2534,1.0
AL,2000,f,2534,10.0
AM,2000,f,2534,27.0
AN,2000,f,2534,1.0
AO,2000,f,2534,1091.0
AR,2000,f,2534,479.0
AS,2000,f,2534,
AT,2000,f,2534,22.0
AU,2000,f,2534,19.0
AZ,2000,f,2534,3.0
BA,2000,f,2534,46.0
BB,2000,f,2534,1.0
BD,2000,f,2534,3238.0
BE,2000,f,2534,15.0
BF,2000,f,2534,128.0
BG,2000,f,2534,14.0
BH,2000,f,2534,2.0
BI,2000,f,2534,
BJ,2000,f,2534,275.0
BM,2000,f,2534,
BN,2000,f,2534,6.0
BO,2000,f,2534,588.0
BR,2000,f,2534,7215.0
BS,2000,f,2534,7.0
BT,2000,f,2534,34.0
BW,2000,f,2534,469.0
BY,2000,f,2534,
BZ,2000,f,2534,1.0
CA,2000,f,2534,40.0
CD,2000,f,2534,5146.0
CF,2000,f,2534,
CG,2000,f,2534,
CH,2000,f,2534,12.0
CI,2000,f,2534,
CK,2000,f,2534,0.0
CL,2000,f,2534,96.0
CM,2000,f,2534,530.0
CN,2000,f,2534,18496.0
CO,2000,f,2534,758.0
CR,2000,f,2534,33.0
CU,2000,f,2534,22.0
CV,2000,f,2534,
CY,2000,f,2534,
CZ,2000,f,2534,13.0
DE,2000,f,2534,
DJ,2000,f,2534,156.0
DK,2000,f,2534,15.0
DO,2000,f,2534,325.0
DZ,2000,f,2534,1293.0
EC,2000,f,2534,
EE,2000,f,2534,11.0
EG,2000,f,2534,343.0
ER,2000,f,2534,87.0
ES,2000,f,2534,
ET,2000,f,2534,4424.0
FI,2000,f,2534,5.0
FJ,2000,f,2534,5.0
FM,2000,f,2534,1.0
FR,2000,f,2534,127.0
GB,2000,f,2534,114.0
GD,2000,f,2534,
GE,2000,f,2534,37.0
GH,2000,f,2534,791.0
GN,2000,f,2534,446.0
GR,2000,f,2534,9.0
GT,2000,f,2534,167.0
GU,2000,f,2534,1.0
GW,2000,f,2534,46.0
GY,2000,f,2534,8.0
HK,2000,f,2534,115.0
HN,2000,f,2534,269.0
HR,2000,f,2534,
HT,2000,f,2534,857.0
HU,2000,f,2534,17.0
ID,2000,f,2534,
IE,2000,f,2534,8.0
IL,2000,f,2534,15.0
IN,2000,f,2534,17287.0
IQ,2000,f,2534,241.0
IR,2000,f,2534,410.0
IS,2000,f,2534,1.0
IT,2000,f,2534,58.0
JM,2000,f,2534,8.0
JO,2000,f,2534,9.0
JP,2000,f,2534,464.0
KE,2000,f,2534,4363.0
KG,2000,f,2534,146.0
KH,2000,f,2534,1157.0
KI,2000,f,2534,6.0
KM,2000,f,2534,6.0
KN,2000,f,2534,
KP,2000,f,2534,1121.0
KR,2000,f,2534,544.0
KW,2000,f,2534,24.0
KY,2000,f,2534,
KZ,2000,f,2534,1079.0
LA,2000,f,2534,95.0
LB,2000,f,2534,26.0
LC,2000,f,2534,0.0
LK,2000,f,2534,264.0
LR,2000,f,2534,149.0
LS,2000,f,2534,336.0
LT,2000,f,2534,37.0
LU,2000,f,2534,
LV,2000,f,2534,41.0
LY,2000,f,2534,35.0
MA,2000,f,2534,1121.0
MC,2000,f,2534,
MD,2000,f,2534,32.0
MG,2000,f,2534,
MH,2000,f,2534,3.0
MK,2000,f,2534,14.0
ML,2000,f,2534,232.0
MM,2000,f,2534,1592.0
MN,2000,f,2534,213.0
MO,2000,f,2534,4.0
MP,2000,f,2534,17.0
MR,2000,f,2534,
MS,2000,f,2534,
MT,2000,f,2534,
MU,2000,f,2534,8.0
MV,2000,f,2534,4.0
MW,2000,f,2534,1481.0
MX,2000,f,2534,828.0
MY,2000,f,2534,564.0
MZ,2000,f,2534,
,2000,f,2534,654.0
NC,2000,f,2534,1.0
NE,2000,f,2534,206.0
NG,2000,f,2534,2434.0
NI,2000,f,2534,173.0
NL,2000,f,2534,22.0
NO,2000,f,2534,1.0
NP,2000,f,2534,1078.0
NR,2000,f,2534,
NU,2000,f,2534,
NZ,2000,f,2534,6.0
OM,2000,f,2534,5.0
PA,2000,f,2534,34.0
PE,2000,f,2534,2472.0
PF,2000,f,2534,1.0
PG,2000,f,2534,45.0
PH,2000,f,2534,
PK,2000,f,2534,416.0
PL,2000,f,2534,158.0
PR,2000,f,2534,5.0
PS,2000,f,2534,
PT,2000,f,2534,154.0
PY,2000,f,2534,86.0
QA,2000,f,2534,4.0
RO,2000,f,2534,766.0
RU,2000,f,2534,73.0
RW,2000,f,2534,473.0
SA,2000,f,2534,182.0
SB,2000,f,2534,13.0
SC,2000,f,2534,1.0
SD,2000,f,2534,1134.0
SE,2000,f,2534,8.0
SG,2000,f,2534,8.0
SI,2000,f,2534,9.0
SK,2000,f,2534,9.0
SL,2000,f,2534,298.0
SM,2000,f,2534,
SN,2000,f,2534,540.0
SO,2000,f,2534,319.0
SR,2000,f,2534,6.0
ST,2000,f,2534,15.0
SV,2000,f,2534,76.0
SY,2000,f,2534,101.0
SZ,2000,f,2534,298.0
TC,2000,f,2534,
TG,2000,f,2534,124.0
TH,2000,f,2534,1035.0
TJ,2000,f,2534,
TK,2000,f,2534,
TM,2000,f,2534,140.0
TN,2000,f,2534,59.0
TO,2000,f,2534,1.0
TR,2000,f,2534,
TT,2000,f,2534,7.0
TV,2000,f,2534,
TZ,2000,f,2534,3426.0
UA,2000,f,2534,590.0
UG,2000,f,2534,2782.0
US,2000,f,2534,376.0
UY,2000,f,2534,22.0
UZ,2000,f,2534,547.0
VC,2000,f,2534,0.0
VE,2000,f,2534,
VG,2000,f,2534,
VN,2000,f,2534,2320.0
VU,2000,f,2534,15.0
WS,2000,f,2534,1.0
YE,2000,f,2534,627.0
YU,2000,f,2534,
ZA,2000,f,2534,1716.0
ZM,2000,f,2534,1118.0
ZW,2000,f,2534,
AD,2000,f,3544,
AE,2000,f,3544,3.0
AF,2000,f,3544,339.0
AG,2000,f,3544,0.0
AL,2000,f,3544,8.0
AM,2000,f,3544,24.0
AN,2000,f,3544,0.0
AO,2000,f,3544,844.0
AR,2000,f,3544,262.0
AS,2000,f,3544,
AT,2000,f,3544,12.0
AU,2000,f,3544,12.0
AZ,2000,f,3544,6.0
BA,2000,f,3544,29.0
BB,2000,f,3544,0.0
BD,2000,f,3544,2247.0
BE,2000,f,3544,19.0
BF,2000,f,3544,101.0
BG,2000,f,3544,7.0
BH,2000,f,3544,0.0
BI,2000,f,3544,
BJ,2000,f,3544,149.0
BM,2000,f,3544,
BN,2000,f,3544,9.0
BO,2000,f,3544,334.0
BR,2000,f,3544,5395.0
BS,2000,f,3544,8.0
BT,2000,f,3544,31.0
BW,2000,f,3544,262.0
BY,2000,f,3544,
BZ,2000,f,3544,2.0
CA,2000,f,3544,30.0
CD,2000,f,3544,3309.0
CF,2000,f,3544,
CG,2000,f,3544,
CH,2000,f,3544,8.0
CI,2000,f,3544,
CK,2000,f,3544,0.0
CL,2000,f,3544,70.0
CM,2000,f,3544,293.0
CN,2000,f,3544,12377.0
CO,2000,f,3544,523.0
CR,2000,f,3544,24.0
CU,2000,f,3544,26.0
CV,2000,f,3544,
CY,2000,f,3544,
CZ,2000,f,3544,9.0
DE,2000,f,3544,
DJ,2000,f,3544,47.0
DK,2000,f,3544,14.0
DO,2000,f,3544,212.0
DZ,2000,f,3544,746.0
EC,2000,f,3544,
EE,2000,f,3544,14.0
EG,2000,f,3544,257.0
ER,2000,f,3544,71.0
ES,2000,f,3544,
ET,2000,f,3544,2105.0
FI,2000,f,3544,3.0
FJ,2000,f,3544,7.0
FM,2000,f,3544,1.0
FR,2000,f,3544,89.0
GB,2000,f,3544,60.0
GD,2000,f,3544,
GE,2000,f,3544,33.0
GH,2000,f,3544,566.0
GN,2000,f,3544,245.0
GR,2000,f,3544,10.0
GT,2000,f,3544,175.0
GU,2000,f,3544,2.0
GW,2000,f,3544,47.0
GY,2000,f,3544,7.0
HK,2000,f,3544,86.0
HN,2000,f,3544,258.0
HR,2000,f,3544,
HT,2000,f,3544,513.0
HU,2000,f,3544,19.0
ID,2000,f,3544,
IE,2000,f,3544,13.0
IL,2000,f,3544,7.0
IN,2000,f,3544,11768.0
IQ,2000,f,3544,136.0
IR,2000,f,3544,322.0
IS,2000,f,3544,
IT,2000,f,3544,33.0
JM,2000,f,3544,7.0
JO,2000,f,3544,1.0
JP,2000,f,3544,213.0
KE,2000,f,3544,1874.0
KG,2000,f,3544,100.0
KH,2000,f,3544,1649.0
KI,2000,f,3544,3.0
KM,2000,f,3544,12.0
KN,2000,f,3544,
KP,2000,f,3544,2004.0
KR,2000,f,3544,393.0
KW,2000,f,3544,12.0
KY,2000,f,3544,
KZ,2000,f,3544,599.0
LA,2000,f,3544,131.0
LB,2000,f,3544,9.0
LC,2000,f,3544,1.0
LK,2000,f,3544,176.0
LR,2000,f,3544,88.0
LS,2000,f,3544,195.0
LT,2000,f,3544,39.0
LU,2000,f,3544,
LV,2000,f,3544,27.0
LY,2000,f,3544,24.0
MA,2000,f,3544,672.0
MC,2000,f,3544,
MD,2000,f,3544,45.0
MG,2000,f,3544,
MH,2000,f,3544,0.0
MK,2000,f,3544,17.0
ML,2000,f,3544,152.0
MM,2000,f,3544,1397.0
MN,2000,f,3544,113.0
MO,2000,f,3544,6.0
MP,2000,f,3544,7.0
MR,2000,f,3544,
MS,2000,f,3544,
MT,2000,f,3544,
MU,2000,f,3544,8.0
MV,2000,f,3544,5.0
MW,2000,f,3544,831.0
MX,2000,f,3544,698.0
MY,2000,f,3544,424.0
MZ,2000,f,3544,
,2000,f,3544,348.0
NC,2000,f,3544,1.0
NE,2000,f,3544,168.0
NG,2000,f,3544,1110.0
NI,2000,f,3544,98.0
NL,2000,f,3544,16.0
NO,2000,f,3544,
NP,2000,f,3544,833.0
NR,2000,f,3544,
NU,2000,f,3544,
NZ,2000,f,3544,5.0
OM,2000,f,3544,7.0
PA,2000,f,3544,35.0
PE,2000,f,3544,1156.0
PF,2000,f,3544,0.0
PG,2000,f,3544,21.0
PH,2000,f,3544,
PK,2000,f,3544,274.0
PL,2000,f,3544,211.0
PR,2000,f,3544,3.0
PS,2000,f,3544,
PT,2000,f,3544,87.0
PY,2000,f,3544,41.0
QA,2000,f,3544,3.0
RO,2000,f,3544,484.0
RU,2000,f,3544,74.0
RW,2000,f,3544,309.0
SA,2000,f,3544,79.0
SB,2000,f,3544,7.0
SC,2000,f,3544,0.0
SD,2000,f,3544,905.0
SE,2000,f,3544,10.0
SG,2000,f,3544,7.0
SI,2000,f,3544,3.0
SK,2000,f,3544,7.0
SL,2000,f,3544,225.0
SM,2000,f,3544,
SN,2000,f,3544,376.0
SO,2000,f,3544,219.0
SR,2000,f,3544,3.0
ST,2000,f,3544,5.0
SV,2000,f,3544,63.0
SY,2000,f,3544,53.0
SZ,2000,f,3544,62.0
TC,2000,f,3544,
TG,2000,f,3544,50.0
TH,2000,f,3544,780.0
TJ,2000,f,3544,
TK,2000,f,3544,
TM,2000,f,3544,76.0
TN,2000,f,3544,43.0
TO,2000,f,3544,1.0
TR,2000,f,3544,
TT,2000,f,3544,9.0
TV,2000,f,3544,
TZ,2000,f,3544,1738.0
UA,2000,f,3544,447.0
UG,2000,f,3544,1510.0
US,2000,f,3544,349.0
UY,2000,f,3544,21.0
UZ,2000,f,3544,288.0
VC,2000,f,3544,0.0
VE,2000,f,3544,
VG,2000,f,3544,
VN,2000,f,3544,2754.0
VU,2000,f,3544,7.0
WS,2000,f,3544,1.0
YE,2000,f,3544,517.0
YU,2000,f,3544,
ZA,2000,f,3544,933.0
ZM,2000,f,3544,1305.0
ZW,2000,f,3544,
AD,2000,f,4554,
AE,2000,f,4554,0.0
AF,2000,f,4554,205.0
AG,2000,f,4554,0.0
AL,2000,f,4554,8.0
AM,2000,f,4554,8.0
AN,2000,f,4554,0.0
AO,2000,f,4554,417.0
AR,2000,f,4554,230.0
AS,2000,f,4554,1.0
AT,2000,f,4554,11.0
AU,2000,f,4554,15.0
AZ,2000,f,4554,3.0
BA,2000,f,4554,29.0
BB,2000,f,4554,0.0
BD,2000,f,4554,1315.0
BE,2000,f,4554,4.0
BF,2000,f,4554,45.0
BG,2000,f,4554,3.0
BH,2000,f,4554,1.0
BI,2000,f,4554,
BJ,2000,f,4554,76.0
BM,2000,f,4554,
BN,2000,f,4554,6.0
BO,2000,f,4554,254.0
BR,2000,f,4554,3582.0
BS,2000,f,4554,2.0
BT,2000,f,4554,23.0
BW,2000,f,4554,98.0
BY,2000,f,4554,
BZ,2000,f,4554,4.0
CA,2000,f,4554,25.0
CD,2000,f,4554,1724.0
CF,2000,f,4554,
CG,2000,f,4554,
CH,2000,f,4554,2.0
CI,2000,f,4554,
CK,2000,f,4554,0.0
CL,2000,f,4554,54.0
CM,2000,f,4554,139.0
CN,2000,f,4554,9899.0
CO,2000,f,4554,381.0
CR,2000,f,4554,20.0
CU,2000,f,4554,22.0
CV,2000,f,4554,
CY,2000,f,4554,
CZ,2000,f,4554,10.0
DE,2000,f,4554,
DJ,2000,f,4554,31.0
DK,2000,f,4554,6.0
DO,2000,f,4554,115.0
DZ,2000,f,4554,314.0
EC,2000,f,4554,
EE,2000,f,4554,11.0
EG,2000,f,4554,211.0
ER,2000,f,4554,21.0
ES,2000,f,4554,
ET,2000,f,4554,976.0
FI,2000,f,4554,4.0
FJ,2000,f,4554,1.0
FM,2000,f,4554,0.0
FR,2000,f,4554,46.0
GB,2000,f,4554,31.0
GD,2000,f,4554,
GE,2000,f,4554,17.0
GH,2000,f,4554,338.0
GN,2000,f,4554,114.0
GR,2000,f,4554,5.0
GT,2000,f,4554,135.0
GU,2000,f,4554,5.0
GW,2000,f,4554,24.0
GY,2000,f,4554,5.0
HK,2000,f,4554,44.0
HN,2000,f,4554,270.0
HR,2000,f,4554,
HT,2000,f,4554,275.0
HU,2000,f,4554,22.0
ID,2000,f,4554,
IE,2000,f,4554,6.0
IL,2000,f,4554,3.0
IN,2000,f,4554,7516.0
IQ,2000,f,4554,134.0
IR,2000,f,4554,320.0
IS,2000,f,4554,
IT,2000,f,4554,13.0
JM,2000,f,4554,2.0
JO,2000,f,4554,2.0
JP,2000,f,4554,292.0
KE,2000,f,4554,831.0
KG,2000,f,4554,41.0
KH,2000,f,4554,1798.0
KI,2000,f,4554,4.0
KM,2000,f,4554,1.0
KN,2000,f,4554,
KP,2000,f,4554,1524.0
KR,2000,f,4554,220.0
KW,2000,f,4554,5.0
KY,2000,f,4554,
KZ,2000,f,4554,275.0
LA,2000,f,4554,122.0
LB,2000,f,4554,7.0
LC,2000,f,4554,0.0
LK,2000,f,4554,202.0
LR,2000,f,4554,28.0
LS,2000,f,4554,83.0
LT,2000,f,4554,32.0
LU,2000,f,4554,
LV,2000,f,4554,28.0
LY,2000,f,4554,24.0
MA,2000,f,4554,398.0
MC,2000,f,4554,
MD,2000,f,4554,23.0
MG,2000,f,4554,
MH,2000,f,4554,2.0
MK,2000,f,4554,5.0
ML,2000,f,4554,106.0
MM,2000,f,4554,987.0
MN,2000,f,4554,41.0
MO,2000,f,4554,6.0
MP,2000,f,4554,3.0
MR,2000,f,4554,
MS,2000,f,4554,
MT,2000,f,4554,
MU,2000,f,4554,6.0
MV,2000,f,4554,4.0
MW,2000,f,4554,401.0
MX,2000,f,4554,832.0
MY,2000,f,4554,367.0
MZ,2000,f,4554,
,2000,f,4554,161.0
NC,2000,f,4554,3.0
NE,2000,f,4554,151.0
NG,2000,f,4554,676.0
NI,2000,f,4554,76.0
NL,2000,f,4554,9.0
NO,2000,f,4554,
NP,2000,f,4554,575.0
NR,2000,f,4554,1.0
NU,2000,f,4554,
NZ,2000,f,4554,0.0
OM,2000,f,4554,5.0
PA,2000,f,4554,19.0
PE,2000,f,4554,609.0
PF,2000,f,4554,1.0
PG,2000,f,4554,15.0
PH,2000,f,4554,
PK,2000,f,4554,163.0
PL,2000,f,4554,170.0
PR,2000,f,4554,7.0
PS,2000,f,4554,
PT,2000,f,4554,41.0
PY,2000,f,4554,41.0
QA,2000,f,4554,1.0
RO,2000,f,4554,341.0
RU,2000,f,4554,38.0
RW,2000,f,4554,109.0
SA,2000,f,4554,51.0
SB,2000,f,4554,7.0
SC,2000,f,4554,1.0
SD,2000,f,4554,771.0
SE,2000,f,4554,2.0
SG,2000,f,4554,9.0
SI,2000,f,4554,4.0
SK,2000,f,4554,5.0
SL,2000,f,4554,92.0
SM,2000,f,4554,
SN,2000,f,4554,217.0
SO,2000,f,4554,110.0
SR,2000,f,4554,0.0
ST,2000,f,4554,7.0
SV,2000,f,4554,63.0
SY,2000,f,4554,46.0
SZ,2000,f,4554,62.0
TC,2000,f,4554,
TG,2000,f,4554,36.0
TH,2000,f,4554,873.0
TJ,2000,f,4554,
TK,2000,f,4554,
TM,2000,f,4554,31.0
TN,2000,f,4554,21.0
TO,2000,f,4554,
TR,2000,f,4554,
TT,2000,f,4554,5.0
TV,2000,f,4554,
TZ,2000,f,4554,868.0
UA,2000,f,4554,298.0
UG,2000,f,4554,671.0
US,2000,f,4554,253.0
UY,2000,f,4554,13.0
UZ,2000,f,4554,213.0
VC,2000,f,4554,0.0
VE,2000,f,4554,
VG,2000,f,4554,
VN,2000,f,4554,2594.0
VU,2000,f,4554,3.0
WS,2000,f,4554,0.0
YE,2000,f,4554,345.0
YU,2000,f,4554,
ZA,2000,f,4554,423.0
ZM,2000,f,4554,186.0
ZW,2000,f,4554,
AD,2000,f,5564,
AE,2000,f,5564,0.0
AF,2000,f,5564,99.0
AG,2000,f,5564,0.0
AL,2000,f,5564,5.0
AM,2000,f,5564,8.0
AN,2000,f,5564,1.0
AO,2000,f,5564,200.0
AR,2000,f,5564,179.0
AS,2000,f,5564,
AT,2000,f,5564,6.0
AU,2000,f,5564,5.0
AZ,2000,f,5564,0.0
BA,2000,f,5564,48.0
BB,2000,f,5564,0.0
BD,2000,f,5564,778.0
BE,2000,f,5564,13.0
BF,2000,f,5564,38.0
BG,2000,f,5564,4.0
BH,2000,f,5564,1.0
BI,2000,f,5564,
BJ,2000,f,5564,45.0
BM,2000,f,5564,
BN,2000,f,5564,3.0
BO,2000,f,5564,192.0
BR,2000,f,5564,2384.0
BS,2000,f,5564,3.0
BT,2000,f,5564,3.0
BW,2000,f,5564,57.0
BY,2000,f,5564,
BZ,2000,f,5564,1.0
CA,2000,f,5564,12.0
CD,2000,f,5564,855.0
CF,2000,f,5564,
CG,2000,f,5564,
CH,2000,f,5564,1.0
CI,2000,f,5564,
CK,2000,f,5564,0.0
CL,2000,f,5564,58.0
CM,2000,f,5564,60.0
CN,2000,f,5564,7102.0
CO,2000,f,5564,304.0
CR,2000,f,5564,23.0
CU,2000,f,5564,23.0
CV,2000,f,5564,
CY,2000,f,5564,
CZ,2000,f,5564,7.0
DE,2000,f,5564,
DJ,2000,f,5564,17.0
DK,2000,f,5564,7.0
DO,2000,f,5564,79.0
DZ,2000,f,5564,208.0
EC,2000,f,5564,
EE,2000,f,5564,4.0
EG,2000,f,5564,112.0
ER,2000,f,5564,12.0
ES,2000,f,5564,
ET,2000,f,5564,366.0
FI,2000,f,5564,6.0
FJ,2000,f,5564,4.0
FM,2000,f,5564,1.0
FR,2000,f,5564,43.0
GB,2000,f,5564,31.0
GD,2000,f,5564,
GE,2000,f,5564,10.0
GH,2000,f,5564,179.0
GN,2000,f,5564,82.0
GR,2000,f,5564,6.0
GT,2000,f,5564,87.0
GU,2000,f,5564,2.0
GW,2000,f,5564,15.0
GY,2000,f,5564,5.0
HK,2000,f,5564,45.0
HN,2000,f,5564,160.0
HR,2000,f,5564,
HT,2000,f,5564,132.0
HU,2000,f,5564,10.0
ID,2000,f,5564,
IE,2000,f,5564,7.0
IL,2000,f,5564,7.0
IN,2000,f,5564,4594.0
IQ,2000,f,5564,103.0
IR,2000,f,5564,407.0
IS,2000,f,5564,
IT,2000,f,5564,19.0
JM,2000,f,5564,5.0
JO,2000,f,5564,2.0
JP,2000,f,5564,384.0
KE,2000,f,5564,347.0
KG,2000,f,5564,30.0
KH,2000,f,5564,1459.0
KI,2000,f,5564,1.0
KM,2000,f,5564,2.0
KN,2000,f,5564,
KP,2000,f,5564,591.0
KR,2000,f,5564,295.0
KW,2000,f,5564,3.0
KY,2000,f,5564,
KZ,2000,f,5564,202.0
LA,2000,f,5564,91.0
LB,2000,f,5564,4.0
LC,2000,f,5564,1.0
LK,2000,f,5564,144.0
LR,2000,f,5564,16.0
LS,2000,f,5564,36.0
LT,2000,f,5564,22.0
LU,2000,f,5564,
LV,2000,f,5564,7.0
LY,2000,f,5564,16.0
MA,2000,f,5564,406.0
MC,2000,f,5564,
MD,2000,f,5564,14.0
MG,2000,f,5564,
MH,2000,f,5564,2.0
MK,2000,f,5564,5.0
ML,2000,f,5564,75.0
MM,2000,f,5564,592.0
MN,2000,f,5564,26.0
MO,2000,f,5564,3.0
MP,2000,f,5564,1.0
MR,2000,f,5564,
MS,2000,f,5564,
MT,2000,f,5564,
MU,2000,f,5564,7.0
MV,2000,f,5564,5.0
MW,2000,f,5564,148.0
MX,2000,f,5564,595.0
MY,2000,f,5564,356.0
MZ,2000,f,5564,
,2000,f,5564,76.0
NC,2000,f,5564,2.0
NE,2000,f,5564,63.0
NG,2000,f,5564,344.0
NI,2000,f,5564,46.0
NL,2000,f,5564,5.0
NO,2000,f,5564,2.0
NP,2000,f,5564,419.0
NR,2000,f,5564,1.0
NU,2000,f,5564,
NZ,2000,f,5564,4.0
OM,2000,f,5564,11.0
PA,2000,f,5564,12.0
PE,2000,f,5564,499.0
PF,2000,f,5564,0.0
PG,2000,f,5564,5.0
PH,2000,f,5564,
PK,2000,f,5564,103.0
PL,2000,f,5564,82.0
PR,2000,f,5564,1.0
PS,2000,f,5564,
PT,2000,f,5564,25.0
PY,2000,f,5564,30.0
QA,2000,f,5564,0.0
RO,2000,f,5564,207.0
RU,2000,f,5564,31.0
RW,2000,f,5564,52.0
SA,2000,f,5564,50.0
SB,2000,f,5564,5.0
SC,2000,f,5564,1.0
SD,2000,f,5564,327.0
SE,2000,f,5564,2.0
SG,2000,f,5564,5.0
SI,2000,f,5564,3.0
SK,2000,f,5564,4.0
SL,2000,f,5564,49.0
SM,2000,f,5564,
SN,2000,f,5564,107.0
SO,2000,f,5564,72.0
SR,2000,f,5564,1.0
ST,2000,f,5564,4.0
SV,2000,f,5564,39.0
SY,2000,f,5564,38.0
SZ,2000,f,5564,24.0
TC,2000,f,5564,
TG,2000,f,5564,24.0
TH,2000,f,5564,1016.0
TJ,2000,f,5564,
TK,2000,f,5564,
TM,2000,f,5564,34.0
TN,2000,f,5564,21.0
TO,2000,f,5564,1.0
TR,2000,f,5564,
TT,2000,f,5564,2.0
TV,2000,f,5564,
TZ,2000,f,5564,494.0
UA,2000,f,5564,218.0
UG,2000,f,5564,316.0
US,2000,f,5564,152.0
UY,2000,f,5564,12.0
UZ,2000,f,5564,112.0
VC,2000,f,5564,0.0
VE,2000,f,5564,
VG,2000,f,5564,
VN,2000,f,5564,2847.0
VU,2000,f,5564,3.0
WS,2000,f,5564,0.0
YE,2000,f,5564,247.0
YU,2000,f,5564,
ZA,2000,f,5564,167.0
ZM,2000,f,5564,112.0
ZW,2000,f,5564,
AD,2000,f,65,
AE,2000,f,65,4.0
AF,2000,f,65,36.0
AG,2000,f,65,0.0
AL,2000,f,65,11.0
AM,2000,f,65,4.0
AN,2000,f,65,0.0
AO,2000,f,65,120.0
AR,2000,f,65,216.0
AS,2000,f,65,
AT,2000,f,65,22.0
AU,2000,f,65,14.0
AZ,2000,f,65,0.0
BA,2000,f,65,124.0
BB,2000,f,65,0.0
BD,2000,f,65,370.0
BE,2000,f,65,27.0
BF,2000,f,65,14.0
BG,2000,f,65,6.0
BH,2000,f,65,1.0
BI,2000,f,65,
BJ,2000,f,65,25.0
BM,2000,f,65,
BN,2000,f,65,4.0
BO,2000,f,65,233.0
BR,2000,f,65,2496.0
BS,2000,f,65,1.0
BT,2000,f,65,2.0
BW,2000,f,65,36.0
BY,2000,f,65,
BZ,2000,f,65,4.0
CA,2000,f,65,66.0
CD,2000,f,65,351.0
CF,2000,f,65,
CG,2000,f,65,
CH,2000,f,65,6.0
CI,2000,f,65,
CK,2000,f,65,0.0
CL,2000,f,65,83.0
CM,2000,f,65,33.0
CN,2000,f,65,6296.0
CO,2000,f,65,510.0
CR,2000,f,65,24.0
CU,2000,f,65,39.0
CV,2000,f,65,
CY,2000,f,65,
CZ,2000,f,65,57.0
DE,2000,f,65,
DJ,2000,f,65,10.0
DK,2000,f,65,8.0
DO,2000,f,65,75.0
DZ,2000,f,65,312.0
EC,2000,f,65,
EE,2000,f,65,10.0
EG,2000,f,65,48.0
ER,2000,f,65,8.0
ES,2000,f,65,
ET,2000,f,65,122.0
FI,2000,f,65,49.0
FJ,2000,f,65,0.0
FM,2000,f,65,1.0
FR,2000,f,65,155.0
GB,2000,f,65,67.0
GD,2000,f,65,
GE,2000,f,65,5.0
GH,2000,f,65,176.0
GN,2000,f,65,45.0
GR,2000,f,65,25.0
GT,2000,f,65,111.0
GU,2000,f,65,2.0
GW,2000,f,65,12.0
GY,2000,f,65,3.0
HK,2000,f,65,211.0
HN,2000,f,65,38.0
HR,2000,f,65,
HT,2000,f,65,71.0
HU,2000,f,65,30.0
ID,2000,f,65,
IE,2000,f,65,15.0
IL,2000,f,65,25.0
IN,2000,f,65,2697.0
IQ,2000,f,65,87.0
IR,2000,f,65,647.0
IS,2000,f,65,
IT,2000,f,65,39.0
JM,2000,f,65,1.0
JO,2000,f,65,5.0
JP,2000,f,65,1958.0
KE,2000,f,65,148.0
KG,2000,f,65,29.0
KH,2000,f,65,892.0
KI,2000,f,65,3.0
KM,2000,f,65,1.0
KN,2000,f,65,
KP,2000,f,65,357.0
KR,2000,f,65,795.0
KW,2000,f,65,1.0
KY,2000,f,65,
KZ,2000,f,65,204.0
LA,2000,f,65,71.0
LB,2000,f,65,6.0
LC,2000,f,65,0.0
LK,2000,f,65,113.0
LR,2000,f,65,16.0
LS,2000,f,65,29.0
LT,2000,f,65,48.0
LU,2000,f,65,
LV,2000,f,65,15.0
LY,2000,f,65,22.0
MA,2000,f,65,352.0
MC,2000,f,65,
MD,2000,f,65,6.0
MG,2000,f,65,
MH,2000,f,65,0.0
MK,2000,f,65,10.0
ML,2000,f,65,43.0
MM,2000,f,65,378.0
MN,2000,f,65,17.0
MO,2000,f,65,13.0
MP,2000,f,65,1.0
MR,2000,f,65,
MS,2000,f,65,
MT,2000,f,65,
MU,2000,f,65,4.0
MV,2000,f,65,2.0
MW,2000,f,65,64.0
MX,2000,f,65,709.0
MY,2000,f,65,286.0
MZ,2000,f,65,
,2000,f,65,52.0
NC,2000,f,65,4.0
NE,2000,f,65,9.0
NG,2000,f,65,231.0
NI,2000,f,65,61.0
NL,2000,f,65,10.0
NO,2000,f,65,5.0
NP,2000,f,65,228.0
NR,2000,f,65,
NU,2000,f,65,
NZ,2000,f,65,10.0
OM,2000,f,65,6.0
PA,2000,f,65,16.0
PE,2000,f,65,624.0
PF,2000,f,65,0.0
PG,2000,f,65,1.0
PH,2000,f,65,
PK,2000,f,65,56.0
PL,2000,f,65,421.0
PR,2000,f,65,3.0
PS,2000,f,65,
PT,2000,f,65,64.0
PY,2000,f,65,46.0
QA,2000,f,65,0.0
RO,2000,f,65,321.0
RU,2000,f,65,44.0
RW,2000,f,65,14.0
SA,2000,f,65,70.0
SB,2000,f,65,2.0
SC,2000,f,65,
SD,2000,f,65,323.0
SE,2000,f,65,15.0
SG,2000,f,65,16.0
SI,2000,f,65,20.0
SK,2000,f,65,54.0
SL,2000,f,65,30.0
SM,2000,f,65,
SN,2000,f,65,61.0
SO,2000,f,65,41.0
SR,2000,f,65,1.0
ST,2000,f,65,15.0
SV,2000,f,65,47.0
SY,2000,f,65,28.0
SZ,2000,f,65,5.0
TC,2000,f,65,
TG,2000,f,65,15.0
TH,2000,f,65,1321.0
TJ,2000,f,65,
TK,2000,f,65,
TM,2000,f,65,17.0
TN,2000,f,65,58.0
TO,2000,f,65,1.0
TR,2000,f,65,
TT,2000,f,65,4.0
TV,2000,f,65,
TZ,2000,f,65,269.0
UA,2000,f,65,405.0
UG,2000,f,65,163.0
US,2000,f,65,396.0
UY,2000,f,65,16.0
UZ,2000,f,65,111.0
VC,2000,f,65,0.0
VE,2000,f,65,
VG,2000,f,65,
VN,2000,f,65,4907.0
VU,2000,f,65,1.0
WS,2000,f,65,0.0
YE,2000,f,65,92.0
YU,2000,f,65,
ZA,2000,f,65,80.0
ZM,2000,f,65,75.0
ZW,2000,f,65,
AD,2000,f,u,
AE,2000,f,u,
AF,2000,f,u,
AG,2000,f,u,
AL,2000,f,u,
AM,2000,f,u,
AN,2000,f,u,
AO,2000,f,u,
AR,2000,f,u,
AS,2000,f,u,
AT,2000,f,u,
AU,2000,f,u,
AZ,2000,f,u,
BA,2000,f,u,
BB,2000,f,u,
BD,2000,f,u,
BE,2000,f,u,
BF,2000,f,u,
BG,2000,f,u,
BH,2000,f,u,
BI,2000,f,u,
BJ,2000,f,u,
BM,2000,f,u,
BN,2000,f,u,
BO,2000,f,u,
BR,2000,f,u,
BS,2000,f,u,
BT,2000,f,u,
BW,2000,f,u,
BY,2000,f,u,
BZ,2000,f,u,
CA,2000,f,u,
CD,2000,f,u,
CF,2000,f,u,
CG,2000,f,u,
CH,2000,f,u,
CI,2000,f,u,
CK,2000,f,u,
CL,2000,f,u,
CM,2000,f,u,
CN,2000,f,u,
CO,2000,f,u,
CR,2000,f,u,
CU,2000,f,u,
CV,2000,f,u,
CY,2000,f,u,
CZ,2000,f,u,
DE,2000,f,u,
DJ,2000,f,u,
DK,2000,f,u,
DO,2000,f,u,
DZ,2000,f,u,
EC,2000,f,u,
EE,2000,f,u,
EG,2000,f,u,
ER,2000,f,u,
ES,2000,f,u,
ET,2000,f,u,
FI,2000,f,u,
FJ,2000,f,u,
FM,2000,f,u,
FR,2000,f,u,
GB,2000,f,u,
GD,2000,f,u,
GE,2000,f,u,
GH,2000,f,u,
GN,2000,f,u,
GR,2000,f,u,
GT,2000,f,u,
GU,2000,f,u,
GW,2000,f,u,
GY,2000,f,u,
HK,2000,f,u,
HN,2000,f,u,
HR,2000,f,u,
HT,2000,f,u,
HU,2000,f,u,
ID,2000,f,u,
IE,2000,f,u,
IL,2000,f,u,
IN,2000,f,u,
IQ,2000,f,u,
IR,2000,f,u,
IS,2000,f,u,
IT,2000,f,u,
JM,2000,f,u,
JO,2000,f,u,
JP,2000,f,u,
KE,2000,f,u,
KG,2000,f,u,
KH,2000,f,u,
KI,2000,f,u,
KM,2000,f,u,
KN,2000,f,u,
KP,2000,f,u,
KR,2000,f,u,
KW,2000,f,u,
KY,2000,f,u,
KZ,2000,f,u,
LA,2000,f,u,
LB,2000,f,u,
LC,2000,f,u,
LK,2000,f,u,
LR,2000,f,u,
LS,2000,f,u,
LT,2000,f,u,
LU,2000,f,u,
LV,2000,f,u,
LY,2000,f,u,
MA,2000,f,u,
MC,2000,f,u,
MD,2000,f,u,
MG,2000,f,u,
MH,2000,f,u,
MK,2000,f,u,
ML,2000,f,u,
MM,2000,f,u,
MN,2000,f,u,
MO,2000,f,u,
MP,2000,f,u,
MR,2000,f,u,
MS,2000,f,u,
MT,2000,f,u,
MU,2000,f,u,
MV,2000,f,u,
MW,2000,f,u,
MX,2000,f,u,
MY,2000,f,u,
MZ,2000,f,u,
,2000,f,u,
NC,2000,f,u,
NE,2000,f,u,
NG,2000,f,u,
NI,2000,f,u,
NL,2000,f,u,
NO,2000,f,u,
NP,2000,f,u,
NR,2000,f,u,
NU,2000,f,u,
NZ,2000,f,u,
OM,2000,f,u,
PA,2000,f,u,
PE,2000,f,u,
PF,2000,f,u,
PG,2000,f,u,
PH,2000,f,u,
PK,2000,f,u,
PL,2000,f,u,
PR,2000,f,u,
PS,2000,f,u,
PT,2000,f,u,
PY,2000,f,u,
QA,2000,f,u,
RO,2000,f,u,
RU,2000,f,u,
RW,2000,f,u,
SA,2000,f,u,
SB,2000,f,u,
SC,2000,f,u,
SD,2000,f,u,
SE,2000,f,u,
SG,2000,f,u,
SI,2000,f,u,
SK,2000,f,u,
SL,2000,f,u,
SM,2000,f,u,
SN,2000,f,u,
SO,2000,f,u,
SR,2000,f,u,
ST,2000,f,u,
SV,2000,f,u,
SY,2000,f,u,
SZ,2000,f,u,
TC,2000,f,u,
TG,2000,f,u,
TH,2000,f,u,
TJ,2000,f,u,
TK,2000,f,u,
TM,2000,f,u,
TN,2000,f,u,
TO,2000,f,u,
TR,2000,f,u,
TT,2000,f,u,
TV,2000,f,u,
TZ,2000,f,u,
UA,2000,f,u,
UG,2000,f,u,
US,2000,f,u,
UY,2000,f,u,
UZ,2000,f,u,
VC,2000,f,u,
VE,2000,f,u,
VG,2000,f,u,
VN,2000,f,u,
VU,2000,f,u,
WS,2000,f,u,
YE,2000,f,u,
YU,2000,f,u,
ZA,2000,f,u,
ZM,2000,f,u,
ZW,2000,f,u,
